test,speed,feed,depth,hardness,coolant,tool_life
T001,233,0.13,1.2,180,yes,1079.8
T002,206,0.38,1.2,260,no,92.6
T003,139,0.19,2.8,180,no,2644.4
T004,190,0.3,2.5,220,no,319.4
T005,244,0.19,1.4,180,yes,554.7
T006,124,0.14,0.6,260,no,2317.8
T007,295,0.39,0.7,220,yes,103.6
T008,291,0.35,2.8,260,yes,50.5
T009,129,0.26,1.1,260,no,878.2
T010,280,0.39,2.5,260,yes,50.8
T011,157,0.26,2.0,260,yes,499.3
T012,259,0.22,1.2,220,no,136.5
T013,151,0.25,2.1,220,no,647.0
T014,258,0.36,2.0,260,yes,72.5
T015,312,0.22,2.8,180,yes,129.1
T016,317,0.2,0.5,260,no,64.1
T017,253,0.2,2.0,220,yes,202.4
T018,153,0.24,0.5,180,yes,2054.5
T019,199,0.37,1.8,180,no,345.1
T020,176,0.22,2.6,180,yes,615.5
T021,311,0.27,2.4,260,yes,64.0
T022,180,0.3,1.1,220,yes,664.2
T023,232,0.38,1.1,260,no,106.4
T024,201,0.29,1.5,220,no,313.3
T025,148,0.22,2.7,260,no,424.5
T026,197,0.26,1.8,220,yes,405.5
T027,274,0.2,1.1,180,no,361.0
T028,203,0.34,0.7,260,no,148.9
T029,256,0.28,1.2,220,yes,214.1
T030,236,0.39,2.2,180,no,125.1
T031,135,0.29,1.1,180,yes,1519.4
T032,266,0.3,1.8,260,no,65.6
T033,255,0.18,1.2,180,yes,331.4
T034,280,0.31,2.4,180,yes,113.9
T035,150,0.39,1.5,220,yes,695.8
T036,315,0.22,2.1,260,no,55.8
T037,294,0.11,1.8,260,no,161.2
T038,301,0.34,2.1,220,yes,53.5
T039,312,0.23,2.9,180,no,104.6
T040,244,0.31,1.3,180,no,197.2
T041,194,0.36,2.5,180,yes,654.6
T042,132,0.36,2.6,260,yes,685.6
T043,260,0.37,1.5,180,yes,205.5
T044,246,0.27,1.6,220,no,141.1
T045,250,0.23,1.8,260,yes,103.9
T046,121,0.36,0.6,180,no,2962.1
T047,309,0.33,1.2,260,yes,53.2
T048,197,0.27,2.1,180,no,459.2
T049,134,0.35,1.7,260,yes,600.0
T050,318,0.28,2.7,180,yes,78.6
T051,267,0.24,2.5,180,no,162.6
T052,225,0.34,2.6,220,no,138.1
T053,273,0.26,0.7,260,no,112.6
T054,281,0.35,2.5,180,no,139.7
T055,253,0.16,2.4,260,yes,179.5
T056,190,0.12,1.0,180,yes,1829.2
T057,184,0.18,2.6,180,yes,804.2
T058,254,0.22,1.1,220,yes,201.9
T059,149,0.25,2.2,180,yes,1975.3
T060,160,0.38,2.2,260,no,277.3
T061,159,0.12,2.8,180,yes,2645.5
T062,212,0.17,2.7,260,yes,276.1
T063,243,0.32,1.1,180,yes,402.5
T064,221,0.38,0.7,180,no,332.3
T065,274,0.16,1.7,180,yes,485.1
T066,311,0.13,0.6,260,no,115.7
T067,138,0.33,0.8,220,yes,1076.1
T068,152,0.34,2.4,260,yes,357.4
T069,271,0.32,1.2,260,yes,79.2
T070,191,0.38,2.1,260,yes,183.0
T071,251,0.14,2.2,180,yes,554.1
T072,135,0.3,0.6,260,yes,1416.3
T073,148,0.31,1.9,220,no,430.5
T074,296,0.31,2.3,180,no,111.2
T075,207,0.37,2.9,220,yes,194.9
T076,145,0.11,0.9,220,yes,3544.0
T077,305,0.39,1.6,220,yes,62.7
T078,166,0.27,0.5,220,no,789.4
T079,136,0.15,1.1,260,yes,1438.0
T080,228,0.27,2.5,180,yes,314.7
T081,235,0.16,2.8,220,yes,473.7
T082,137,0.34,1.5,260,no,637.3
T083,255,0.33,3.0,220,yes,138.4
T084,180,0.33,1.3,260,yes,302.0
T085,318,0.32,0.9,220,no,60.4
T086,189,0.34,0.7,180,no,849.6
T087,263,0.18,2.9,220,yes,175.1
T088,245,0.25,0.9,260,yes,163.4
T089,237,0.38,1.0,220,yes,167.5
T090,131,0.29,1.4,260,no,556.8
T091,282,0.26,1.2,260,yes,67.4
T092,184,0.34,1.1,260,no,206.2
T093,228,0.18,1.3,260,yes,201.1
T094,290,0.36,2.2,260,no,37.5
T095,253,0.26,1.2,260,yes,179.1
T096,164,0.35,1.6,260,yes,291.9
T097,317,0.19,2.3,180,yes,171.9
T098,280,0.13,2.3,260,yes,174.6
T099,223,0.39,1.5,180,no,267.5
T100,269,0.26,1.9,260,yes,117.1
T101,181,0.35,1.6,180,yes,738.0
T102,189,0.16,2.0,260,no,381.1
T103,207,0.27,0.8,260,no,167.4
T104,181,0.23,1.5,260,yes,438.0
T105,185,0.17,2.8,180,yes,1031.7
T106,253,0.11,0.8,220,yes,579.5
T107,215,0.23,2.3,180,yes,347.1
T108,176,0.18,0.6,260,yes,779.7
T109,244,0.29,0.6,260,yes,197.6
T110,201,0.15,0.5,180,yes,1763.3
T111,215,0.31,1.3,220,yes,311.8
T112,259,0.21,1.9,220,yes,197.7
T113,245,0.33,1.8,260,yes,69.1
T114,317,0.11,0.6,220,yes,418.4
T115,185,0.21,0.9,220,no,522.1
T116,240,0.24,1.5,260,yes,198.6
T117,284,0.32,2.0,220,yes,69.3
T118,185,0.24,2.1,220,yes,440.6
T119,191,0.17,2.1,260,no,382.3
T120,224,0.26,1.4,220,no,190.1
T121,307,0.34,1.6,260,yes,41.3
T122,132,0.14,0.5,260,no,2508.5
T123,246,0.16,1.8,260,yes,240.3
T124,211,0.11,2.8,180,yes,1717.0
T125,262,0.36,2.1,180,yes,201.2
T126,308,0.31,2.3,260,no,35.7
T127,125,0.31,1.4,180,yes,3263.5
T128,289,0.35,0.6,220,no,78.4
T129,318,0.35,1.7,260,yes,45.9
T130,191,0.29,0.9,180,yes,702.2
T131,265,0.37,1.9,180,no,152.1
T132,311,0.35,0.8,180,no,114.6
T133,223,0.13,1.3,220,yes,510.9
T134,186,0.39,1.5,180,no,584.9
T135,319,0.28,1.4,260,yes,63.9
T136,207,0.3,2.5,260,yes,155.0
T137,190,0.34,0.6,180,yes,681.4
T138,261,0.39,1.1,180,no,145.3
T139,219,0.38,2.9,260,yes,90.3
T140,133,0.11,1.9,260,yes,2304.4
T141,131,0.19,1.7,260,yes,1270.9
T142,232,0.35,2.2,260,yes,103.7
T143,207,0.14,1.0,180,no,934.5
T144,250,0.14,0.6,220,yes,776.6
T145,176,0.14,1.9,260,no,721.6
T146,248,0.28,2.7,260,yes,132.2
T147,303,0.35,2.4,260,yes,38.3
T148,134,0.35,2.3,260,no,454.9
T149,173,0.14,1.0,260,yes,968.4
T150,296,0.19,2.8,220,no,90.4
T151,257,0.36,2.5,220,yes,95.8
T152,149,0.26,0.8,180,no,1396.3
T153,241,0.15,1.5,220,yes,388.2
T154,265,0.22,2.3,180,yes,253.4
T155,223,0.38,0.9,180,yes,280.5
T156,210,0.4,2.0,180,yes,375.6
T157,121,0.35,0.9,220,yes,1756.1
T158,154,0.21,1.9,220,yes,1309.0
T159,279,0.24,2.8,220,yes,137.9
T160,215,0.18,1.6,220,no,512.9
T161,200,0.34,1.5,260,yes,232.9
T162,309,0.29,0.8,220,no,78.1
T163,151,0.15,1.8,260,yes,1167.6
T164,124,0.37,0.6,180,yes,3040.8
T165,194,0.37,2.1,220,no,212.9
T166,136,0.37,2.8,220,yes,664.8
T167,156,0.37,1.5,220,no,478.2
T168,267,0.24,1.2,220,yes,184.3
T169,139,0.22,2.7,260,no,634.0
T170,296,0.33,2.4,220,yes,85.2
T171,195,0.15,1.3,180,no,665.6
T172,151,0.1,2.9,220,no,1516.0
T173,176,0.3,2.7,180,no,450.7
T174,154,0.24,2.0,260,no,522.8
T175,209,0.4,0.6,220,yes,353.7
T176,175,0.24,2.9,220,yes,567.1
T177,284,0.33,2.1,180,yes,177.7
T178,284,0.18,3.0,180,yes,268.7
T179,220,0.3,2.3,180,no,336.6
T180,177,0.23,2.4,180,no,663.1
T181,250,0.35,3.0,260,yes,61.6
T182,138,0.35,2.2,180,no,1523.2
T183,295,0.32,1.7,260,yes,60.0
T184,172,0.12,2.8,180,no,1642.1
T185,121,0.35,1.2,220,yes,1786.5
T186,168,0.23,1.6,260,yes,569.9
T187,149,0.13,1.5,260,yes,1273.5
T188,137,0.28,1.9,180,yes,1811.4
T189,157,0.33,1.7,220,yes,878.8
T190,250,0.31,0.6,180,no,309.3
T191,188,0.31,2.5,180,yes,574.6
T192,211,0.19,2.5,180,no,352.4
T193,132,0.23,0.6,260,yes,1243.8
T194,230,0.12,1.6,220,no,543.9
T195,148,0.2,1.5,260,yes,982.2
T196,201,0.31,2.6,220,no,197.9
T197,141,0.11,0.7,260,no,2444.1
T198,240,0.27,1.1,220,yes,277.0
T199,138,0.14,2.3,180,yes,2761.6
T200,128,0.19,3.0,180,yes,3573.1
T201,184,0.11,2.2,260,no,561.4
T202,220,0.32,2.3,260,yes,113.1
T203,164,0.39,1.2,220,yes,614.9
T204,160,0.33,0.7,260,yes,680.4
T205,138,0.14,1.8,220,yes,2588.9
T206,243,0.17,2.5,180,yes,488.8
T207,165,0.31,2.2,260,yes,362.9
T208,158,0.14,1.2,260,no,855.2
T209,140,0.1,2.5,260,yes,1755.7
T210,147,0.22,1.0,220,yes,1321.2
T211,282,0.39,0.8,180,no,106.5
T212,133,0.13,0.7,220,yes,4839.1
T213,135,0.31,2.0,260,yes,722.1
T214,205,0.14,1.2,220,yes,851.3
T215,212,0.26,1.2,260,no,175.9
T216,130,0.21,2.8,260,no,928.2
T217,219,0.26,1.3,220,yes,378.1
T218,122,0.11,1.7,180,yes,5958.4
T219,168,0.33,1.3,220,yes,745.1
T220,145,0.24,2.7,180,yes,1560.4
T221,171,0.38,0.8,180,yes,791.8
T222,299,0.4,1.9,180,yes,115.8
T223,127,0.39,2.6,220,yes,963.5
T224,222,0.35,2.1,180,yes,259.4
T225,242,0.34,2.8,220,yes,159.7
T226,169,0.38,2.9,180,no,447.1
T227,172,0.32,1.8,220,yes,376.1
T228,157,0.13,2.6,220,no,1198.6
T229,224,0.27,1.4,260,yes,158.4
T230,279,0.27,2.2,180,yes,186.9
T231,193,0.1,2.4,220,yes,1043.4
T232,216,0.3,0.9,260,no,179.7
T233,302,0.3,1.6,260,yes,64.3
T234,212,0.25,2.9,260,yes,147.8
T235,293,0.22,2.5,180,yes,258.8
T236,310,0.29,0.7,180,no,150.6
T237,206,0.26,2.7,220,yes,265.7
T238,158,0.27,0.6,180,yes,2051.8
T239,228,0.23,0.7,220,no,255.6
T240,132,0.24,2.6,220,yes,1241.6
