part,bore_1,bore_2,bore_3,bore_4,length,width,height,slot_width,flatness,hole_position
P001,31.7,30.7,27.1,25.9,8.7,13.8,14.6,25.8,5.0,18.3
P002,28.5,28.8,26.8,30.2,17.4,17.6,17.5,27.5,7.5,18.8
P003,28.5,27.6,27.5,27.1,19.9,20.3,19.9,25.6,5.8,19.6
P004,31.5,28.1,25.1,27.0,35.4,30.2,26.2,27.8,5.6,24.6
P005,29.4,29.3,28.6,26.8,-0.2,6.0,11.7,27.5,5.6,14.7
P006,33.1,29.4,29.5,29.8,23.6,23.0,23.0,28.7,5.4,21.5
P007,30.1,27.7,29.6,27.2,13.6,16.6,15.8,25.4,5.0,17.5
P008,31.2,27.3,28.6,28.1,25.2,23.7,22.0,26.7,5.1,22.5
P009,29.0,29.6,28.1,27.7,15.8,19.6,17.3,26.9,5.3,19.5
P010,30.3,29.5,29.3,25.5,22.9,20.7,21.8,25.1,6.1,20.9
P011,31.4,29.6,28.5,29.0,31.4,26.9,25.8,26.2,6.5,26.5
P012,28.1,31.8,29.9,28.3,23.3,25.1,21.5,25.9,5.2,19.3
P013,30.2,28.7,28.4,27.6,22.2,24.2,20.5,27.5,6.9,21.5
P014,28.6,28.8,27.2,24.6,21.7,22.3,22.3,24.6,7.5,19.9
P015,29.3,28.0,27.0,28.2,15.2,16.4,15.9,26.5,5.2,16.4
P016,30.5,28.8,27.3,28.8,25.3,24.3,23.6,27.2,6.5,20.9
P017,30.6,27.7,27.9,27.5,20.1,20.3,20.3,26.1,6.1,20.1
P018,29.2,30.2,28.4,26.1,15.0,14.8,17.5,24.4,5.0,16.8
P019,28.1,26.2,30.3,26.8,20.0,21.1,19.7,26.8,6.6,20.2
P020,28.7,29.0,27.9,25.2,16.0,17.4,20.0,26.6,5.5,17.0
P021,25.9,27.6,27.2,26.1,26.5,24.3,21.6,25.0,5.2,22.0
P022,29.0,31.0,27.2,26.9,18.5,19.3,20.5,26.7,5.2,20.4
P023,29.1,26.0,23.6,29.5,16.8,16.8,15.8,24.5,6.6,15.3
P024,28.5,29.2,27.6,27.6,31.5,31.6,24.6,24.3,5.3,25.4
P025,28.8,29.4,26.8,25.3,29.6,27.8,25.8,25.4,6.4,21.1
P026,28.6,28.8,28.0,24.9,30.4,27.6,25.2,25.9,5.2,23.9
P027,29.0,28.3,26.5,27.1,24.7,21.1,23.0,25.6,6.1,21.3
P028,28.6,28.2,27.3,26.0,17.0,21.6,17.7,25.4,5.8,20.2
P029,29.3,28.8,28.7,26.8,20.1,16.3,18.6,25.3,5.7,19.3
P030,30.4,27.0,26.3,27.3,18.4,20.7,20.1,26.0,5.4,19.6
P031,28.4,26.2,27.1,26.2,27.3,25.2,25.8,26.5,6.1,21.6
P032,27.3,27.5,27.4,26.0,20.7,21.8,20.8,24.5,5.5,19.5
P033,28.7,26.4,26.9,27.2,8.2,10.0,13.3,25.8,5.6,17.3
P034,28.3,26.1,28.7,26.7,20.2,20.1,18.6,25.2,5.3,21.1
P035,28.5,23.9,26.7,26.7,10.2,12.4,17.3,27.3,6.6,17.6
P036,26.7,28.7,27.7,25.6,22.0,21.5,20.1,25.4,5.3,20.7
P037,27.8,28.3,24.6,25.9,8.3,12.2,15.8,25.6,5.1,17.1
P038,30.2,26.3,28.0,24.4,9.3,12.6,13.9,25.8,5.9,15.4
P039,28.1,27.0,24.5,25.9,20.0,22.3,19.4,27.5,5.6,22.6
P040,28.8,28.0,27.8,27.2,21.1,21.6,19.3,23.9,8.2,19.3
P041,29.1,27.9,26.9,25.7,5.9,9.7,13.8,23.3,5.9,14.1
P042,27.9,26.7,26.3,24.8,24.6,24.2,21.7,28.4,5.5,21.1
P043,27.4,26.1,23.8,25.7,37.7,31.2,28.7,23.9,5.1,25.8
P044,28.6,27.9,25.8,27.1,7.6,11.5,14.9,25.0,6.6,17.0
P045,26.6,26.2,25.3,27.0,34.4,28.2,28.2,27.8,7.1,23.9
P046,27.9,27.8,27.6,25.9,13.2,16.8,18.0,23.6,5.5,18.6
P047,27.8,27.8,27.5,26.5,15.9,15.4,18.7,26.9,7.4,18.7
P048,27.8,28.9,28.2,26.3,19.4,18.0,20.0,24.2,5.2,19.4
P049,27.2,24.6,25.5,26.2,8.3,10.8,14.7,26.0,6.0,15.4
P050,27.7,26.6,25.3,24.0,30.3,26.7,27.8,25.0,5.3,22.8
P051,29.9,25.9,26.2,24.8,23.8,22.9,23.3,23.4,5.0,23.2
P052,26.9,26.7,25.2,22.5,13.8,16.9,16.4,22.8,5.3,18.2
P053,28.7,28.0,26.0,26.1,15.6,19.7,19.1,26.3,6.3,18.9
P054,27.4,25.9,23.8,25.5,8.0,9.6,14.8,25.1,5.5,15.3
P055,25.3,27.8,26.9,25.4,16.7,17.6,18.4,24.3,7.4,20.1
P056,25.6,26.4,25.8,25.8,25.5,27.0,24.5,25.8,6.5,21.4
P057,23.6,27.1,27.7,26.9,5.6,9.6,13.5,22.7,5.8,14.9
P058,29.2,25.9,28.0,25.5,14.5,20.0,17.1,25.6,7.0,18.3
P059,25.8,28.0,26.2,24.0,19.9,20.4,21.7,24.5,5.8,22.4
P060,28.8,28.4,27.6,23.5,29.9,26.7,24.0,23.6,6.9,21.3
P061,27.3,25.3,25.1,24.7,31.6,27.7,25.2,26.5,5.4,24.1
P062,25.9,27.0,26.2,25.6,15.8,16.0,17.8,24.2,6.2,19.9
P063,25.7,27.3,25.4,25.9,13.5,13.8,18.3,25.3,6.5,15.9
P064,26.5,25.1,25.5,26.1,25.4,22.3,23.5,26.2,5.5,19.1
P065,28.1,27.2,28.7,27.0,18.0,19.8,17.3,24.9,5.3,21.2
P066,27.7,22.8,27.5,24.2,18.5,17.6,19.1,25.5,5.2,18.1
P067,28.7,26.9,25.9,26.1,28.0,28.8,24.6,25.1,5.4,21.6
P068,25.6,26.7,26.3,26.9,34.1,28.9,27.4,25.7,6.2,24.6
P069,25.4,27.7,24.9,25.9,20.3,22.5,20.1,25.9,7.1,22.1
P070,25.5,25.2,24.7,26.0,18.9,19.1,19.6,25.3,5.8,21.6
P071,26.7,26.5,23.4,23.5,23.8,22.0,22.6,25.8,5.5,20.9
P072,26.2,26.4,25.0,25.6,5.3,9.1,13.4,24.6,5.2,17.4
P073,26.7,27.1,25.7,24.5,19.3,18.9,19.9,23.8,5.5,21.4
P074,26.6,27.6,25.9,26.1,10.8,13.8,18.9,25.5,6.2,17.6
P075,27.7,24.8,24.6,25.5,40.1,33.8,29.3,24.0,5.2,24.5
P076,24.9,26.0,23.4,23.8,25.0,23.0,23.2,23.9,5.1,20.6
P077,25.7,26.6,25.9,24.4,21.5,21.0,20.7,26.3,5.5,20.8
P078,27.0,25.6,24.0,25.7,18.7,18.9,19.2,24.3,6.1,19.8
P079,24.3,25.9,23.5,24.4,0.7,4.5,9.3,24.9,5.4,13.2
P080,25.9,27.7,26.1,25.3,24.2,25.0,21.2,24.8,6.4,24.1
P081,24.3,27.3,26.2,22.6,32.7,31.4,27.8,22.2,5.7,22.6
P082,25.0,24.9,27.4,24.8,13.8,15.1,17.8,25.0,6.2,19.9
P083,24.8,25.3,25.6,26.6,25.0,24.4,24.2,24.8,6.3,22.9
P084,26.4,26.3,26.2,24.5,27.6,21.9,21.7,25.8,5.4,21.0
P085,26.5,26.8,24.3,25.4,7.4,10.5,13.6,25.3,6.4,15.6
P086,26.8,24.0,23.1,25.2,27.4,25.4,23.8,22.8,8.4,21.1
P087,25.4,23.7,24.4,26.3,30.8,28.8,24.8,26.1,5.1,21.8
P088,26.8,25.0,25.6,24.6,22.1,21.5,19.8,22.1,6.1,20.3
P089,26.3,24.9,22.5,22.9,21.1,18.6,19.2,22.2,5.7,19.3
P090,25.6,25.3,24.1,23.7,26.2,25.0,22.9,26.0,5.2,22.1
P091,25.0,26.6,23.6,22.4,6.4,11.4,12.4,25.4,5.1,14.2
P092,25.5,27.4,23.7,22.7,21.3,22.0,21.5,23.4,5.1,20.5
P093,27.1,27.8,24.6,25.8,27.9,26.9,23.0,22.8,5.4,21.5
P094,26.7,24.5,24.7,24.1,9.6,12.6,16.2,27.4,6.5,17.2
P095,25.3,24.0,24.9,23.1,27.8,27.4,21.5,24.0,5.5,21.2
P096,26.1,25.4,24.1,25.5,15.0,18.2,18.0,22.3,5.3,18.4
P097,26.3,23.1,24.2,23.5,5.2,6.1,12.9,21.4,5.3,14.5
P098,25.7,24.0,22.0,22.1,20.6,19.5,18.4,24.5,6.0,18.8
P099,23.8,26.2,26.7,22.7,12.5,15.2,18.5,20.6,5.1,18.2
P100,23.4,25.2,24.5,24.7,21.7,22.3,20.4,24.1,5.1,20.2
P101,23.4,26.7,25.6,24.9,9.7,12.4,17.2,24.3,6.1,17.0
P102,25.3,24.4,23.1,25.3,29.0,26.0,22.2,22.7,5.1,23.6
P103,24.6,25.9,24.3,22.8,10.6,14.1,15.2,23.1,5.3,19.7
P104,24.9,23.1,26.9,24.0,22.4,21.7,19.7,24.0,5.4,22.7
P105,26.2,25.5,25.5,23.3,14.6,16.3,16.0,23.0,5.5,19.2
P106,24.8,22.2,24.1,25.3,15.1,17.1,18.7,21.6,5.7,19.2
P107,23.2,24.8,24.5,22.1,29.5,28.4,24.5,23.7,5.7,22.6
P108,26.0,24.9,22.8,24.2,22.7,22.2,20.0,23.8,6.6,20.8
P109,26.1,25.9,23.9,24.3,16.5,18.9,18.3,22.5,5.1,18.9
P110,25.2,24.9,22.5,22.7,10.4,13.0,15.1,26.3,6.3,16.8
P111,25.6,25.9,24.4,21.4,29.4,27.0,27.2,20.9,6.8,22.7
P112,25.8,23.9,24.1,24.9,26.0,25.7,22.8,22.6,5.3,21.2
P113,24.5,25.9,22.5,21.5,17.4,20.1,20.0,24.7,6.5,18.3
P114,24.7,21.0,23.1,24.2,20.1,19.0,19.4,23.3,6.4,23.7
P115,26.3,22.4,21.0,23.6,13.1,11.9,15.3,22.5,5.1,17.3
P116,25.2,25.4,23.9,24.3,14.3,12.8,14.8,23.7,7.3,17.7
P117,25.8,23.8,24.9,22.7,14.3,15.6,17.3,24.7,6.4,17.3
P118,25.6,22.1,25.0,26.7,23.6,22.8,21.6,24.1,5.4,21.8
P119,24.2,23.6,23.9,23.3,20.4,24.4,21.5,21.0,6.4,20.9
P120,24.7,25.0,22.7,19.9,14.1,16.0,18.4,22.1,5.2,18.8
P121,24.1,23.8,24.1,22.2,28.0,23.5,23.1,22.6,5.7,22.6
P122,25.7,25.9,24.4,22.9,27.5,23.1,23.3,23.7,5.8,20.7
P123,22.6,26.0,23.1,21.4,20.0,21.2,22.2,23.0,6.6,20.8
P124,24.9,25.1,23.2,23.6,28.0,25.6,25.1,21.9,5.2,21.8
P125,24.2,23.3,24.9,23.3,17.9,20.3,15.5,21.5,8.2,19.3
P126,24.7,24.6,23.8,22.1,21.3,19.7,9.3,21.4,5.6,19.2
P127,23.6,24.0,23.7,22.1,25.3,21.7,20.6,23.1,5.2,21.3
P128,23.6,23.8,22.7,21.1,20.6,18.6,19.6,23.6,5.1,23.2
P129,22.3,22.8,23.5,24.6,26.1,23.1,24.6,21.6,5.2,23.1
P130,23.2,23.1,23.9,22.7,10.3,11.4,14.9,21.3,6.9,19.0
P131,24.4,24.6,22.1,22.9,31.2,26.9,26.4,21.7,5.2,21.7
P132,25.0,24.4,23.7,21.8,13.1,16.8,16.5,22.9,5.2,16.7
P133,25.7,21.1,23.5,22.8,16.7,19.4,20.0,22.6,6.0,20.1
P134,25.1,23.7,25.2,23.9,9.9,13.4,13.7,21.9,5.6,17.2
P135,25.5,24.7,23.3,23.0,24.5,23.2,21.9,23.5,5.6,21.1
P136,23.8,22.7,22.7,20.1,30.7,27.3,25.4,22.9,7.2,26.1
P137,23.7,23.5,20.8,23.5,29.2,26.1,24.7,24.0,5.3,21.7
P138,25.2,23.7,22.9,25.5,27.0,25.0,23.8,22.0,5.4,22.4
P139,22.8,23.0,23.4,23.2,8.4,11.8,14.2,23.0,5.3,16.0
P140,24.7,20.8,23.4,26.4,11.7,17.2,14.9,22.8,7.1,19.9
P141,22.3,21.6,21.1,23.4,15.9,17.3,18.5,22.8,5.7,19.1
P142,21.4,24.8,19.5,24.0,11.9,14.2,15.7,21.8,5.0,17.4
P143,22.0,24.0,22.1,24.1,28.8,25.9,25.1,23.3,6.1,22.5
P144,24.9,21.7,21.7,22.6,20.1,18.2,18.8,22.6,5.8,21.2
P145,23.6,21.4,23.4,23.7,19.0,21.0,19.5,22.3,5.5,18.2
P146,24.8,21.8,22.4,21.7,24.5,23.5,22.0,23.7,5.4,20.8
P147,19.5,22.4,22.1,21.2,11.4,15.1,17.5,24.3,6.4,16.8
P148,23.2,21.1,23.3,22.6,12.0,14.5,16.1,21.2,6.6,21.5
P149,23.8,23.9,22.6,21.7,15.6,14.3,17.0,21.8,5.8,17.8
P150,23.5,21.1,22.2,23.8,22.8,22.2,23.7,22.4,6.3,18.6
P151,23.0,21.0,20.7,22.6,24.2,20.3,20.1,21.2,5.1,19.3
P152,25.5,23.2,21.9,21.5,27.5,26.2,21.8,22.3,6.6,20.1
P153,22.0,24.1,21.4,21.5,27.0,25.6,25.2,20.8,6.5,22.0
P154,24.8,22.7,21.5,22.2,9.7,12.0,12.4,22.1,5.2,17.6
P155,20.9,23.6,21.6,19.9,17.1,16.0,18.2,21.5,6.3,19.9
P156,23.9,23.2,20.1,19.8,21.4,19.7,21.2,21.9,6.7,19.1
P157,21.1,21.2,21.8,22.7,10.8,10.7,13.9,23.5,6.1,16.9
P158,19.6,21.0,22.2,21.1,18.1,16.9,18.2,20.3,6.3,17.9
P159,21.6,21.9,22.4,22.1,29.3,24.4,24.3,21.9,6.9,22.3
P160,22.7,21.1,22.4,22.2,28.1,26.1,24.4,22.2,6.4,23.8
P161,21.8,24.4,23.6,21.2,27.8,29.4,25.1,22.2,5.5,22.5
P162,23.1,22.7,20.8,23.1,20.7,19.1,21.4,21.2,5.9,19.4
P163,22.6,20.0,22.2,19.7,18.5,15.7,19.1,22.3,5.6,20.9
P164,20.8,23.8,23.7,20.1,27.7,25.8,24.3,21.6,8.0,23.4
P165,21.7,20.6,22.8,21.1,18.4,18.4,18.1,22.7,6.0,18.5
P166,20.0,21.1,22.4,21.2,24.8,22.3,21.6,21.8,6.1,20.7
P167,21.1,18.9,31.4,22.3,30.1,27.8,23.5,20.6,5.9,23.4
P168,21.2,23.5,21.4,20.9,18.4,15.7,19.2,19.8,6.0,18.2
P169,21.9,21.8,21.8,21.6,16.8,18.4,18.4,22.1,5.5,17.1
P170,22.5,21.6,22.5,19.1,23.2,18.4,20.0,22.4,6.7,19.3
P171,19.2,19.8,19.1,21.4,25.1,23.2,23.9,22.8,5.0,21.2
P172,21.4,21.0,23.0,21.6,23.5,22.6,22.6,20.6,5.4,21.2
P173,23.3,22.9,19.7,21.1,22.1,20.4,21.6,21.5,5.7,20.3
P174,22.0,22.1,19.5,20.1,23.2,25.4,22.6,21.5,5.2,20.8
P175,20.6,22.4,20.8,23.0,7.4,10.5,13.3,20.9,5.0,17.8
P176,24.3,19.9,21.5,21.9,12.0,14.1,16.0,18.1,5.8,17.8
P177,21.2,21.3,21.4,23.8,21.5,22.0,20.0,21.3,5.4,20.2
P178,20.2,20.2,21.6,21.8,13.1,13.6,16.7,17.8,6.2,17.6
P179,21.6,22.5,20.5,22.1,8.8,12.6,14.2,21.2,6.8,15.9
P180,20.4,20.7,21.3,24.2,9.7,10.3,14.4,18.9,5.6,17.0
P181,20.0,20.2,18.7,21.1,11.8,15.8,17.6,19.7,5.4,17.8
P182,22.0,19.0,20.8,23.1,18.5,19.2,19.3,19.3,6.2,19.9
P183,21.2,21.8,21.8,18.5,12.4,13.2,16.2,19.8,6.0,18.6
P184,21.0,20.6,20.5,20.9,21.9,18.6,20.0,20.4,6.0,22.3
P185,19.8,23.2,20.9,21.3,33.0,29.5,28.6,20.4,5.0,25.7
P186,23.0,19.0,20.5,20.7,21.1,22.2,19.4,21.1,6.1,21.1
P187,20.4,21.8,19.9,17.4,28.7,28.0,26.2,17.9,7.1,23.3
P188,16.7,21.4,21.9,17.0,23.4,21.6,23.0,20.9,5.1,21.0
P189,21.8,20.9,20.7,18.8,11.8,13.5,17.9,20.5,5.1,16.6
P190,21.6,20.4,19.8,22.5,20.3,18.1,17.9,21.9,5.8,22.9
P191,20.5,21.8,19.0,20.5,13.6,14.8,15.6,23.4,6.1,17.5
P192,19.9,20.3,22.2,19.6,26.4,23.8,24.8,20.3,6.2,22.8
P193,19.9,21.4,21.6,19.1,11.8,17.6,15.2,21.2,6.4,17.9
P194,19.8,21.4,20.4,19.0,32.1,27.9,24.3,20.5,6.0,24.0
P195,20.3,19.9,21.2,18.8,26.0,21.2,24.4,20.6,5.1,20.7
P196,21.0,20.1,20.1,21.5,3.5,7.8,12.6,21.6,5.0,15.3
P197,20.3,21.2,22.1,19.1,26.3,24.8,24.0,22.1,5.2,22.4
P198,21.5,18.7,19.2,19.6,32.6,29.8,25.8,22.3,5.7,23.8
P199,21.5,21.1,20.1,20.6,14.9,15.4,17.8,19.0,5.3,16.2
P200,19.0,18.7,21.6,19.5,28.4,25.0,23.9,19.7,5.9,23.7
P201,18.0,20.8,23.3,19.0,5.8,7.5,12.9,17.9,5.9,15.0
P202,17.7,18.4,18.0,19.6,23.2,21.1,19.7,19.0,5.2,17.8
P203,20.6,20.4,16.9,21.3,4.8,9.8,14.9,17.9,7.2,14.5
P204,18.4,19.6,19.2,19.2,23.3,22.7,20.9,20.3,5.0,20.0
P205,21.9,18.2,20.7,18.9,6.2,10.0,14.0,21.6,6.0,19.1
P206,20.1,18.7,18.1,22.6,1.0,4.3,10.5,21.4,5.2,13.0
P207,19.6,20.7,19.7,18.3,24.2,20.4,20.8,21.3,5.4,21.4
P208,19.7,20.9,19.6,17.3,38.7,30.1,26.7,21.7,6.4,25.2
P209,19.4,19.7,20.9,18.7,14.2,15.7,17.9,20.0,5.4,19.5
P210,18.2,19.4,18.7,18.4,28.2,24.7,22.2,19.7,6.1,22.9
P211,20.5,20.7,18.2,19.4,23.2,20.5,22.1,21.5,6.6,21.9
P212,20.3,20.5,21.6,20.1,17.6,18.9,18.4,20.2,7.4,21.4
P213,18.7,20.1,19.9,19.7,25.2,23.9,20.5,18.9,6.6,20.4
P214,18.0,21.9,20.9,21.4,33.2,30.3,27.6,20.2,5.0,22.4
P215,18.3,17.5,21.3,18.9,10.0,13.0,15.2,20.2,5.7,15.1
P216,21.4,18.4,18.8,18.4,23.9,23.5,23.2,18.2,5.4,20.6
P217,20.7,17.8,19.5,20.3,21.1,22.2,21.6,18.5,5.2,22.1
P218,19.4,18.7,19.0,19.9,10.2,12.5,15.2,21.3,6.8,14.7
P219,16.3,20.1,16.4,19.2,33.9,28.0,25.7,19.0,5.9,22.2
P220,19.4,19.9,19.3,19.4,37.1,32.0,27.8,18.9,5.8,24.5
P221,19.7,19.1,20.4,18.2,12.5,14.7,16.7,20.6,5.5,18.7
P222,21.2,19.9,17.7,17.4,34.7,30.0,27.3,19.0,6.6,25.8
P223,17.4,19.2,18.6,17.5,21.2,20.2,20.8,22.2,6.6,21.5
P224,18.3,17.4,20.5,18.7,18.8,18.6,19.5,22.1,5.4,19.3
P225,19.0,19.2,17.5,16.9,31.3,28.8,25.1,17.9,6.1,23.3
P226,18.5,16.8,18.2,19.4,21.6,19.7,20.5,19.1,5.9,18.6
P227,19.4,18.1,19.0,19.7,21.5,20.9,21.1,19.9,5.7,19.1
P228,17.7,19.1,20.2,18.3,31.7,28.8,25.9,17.9,5.6,24.0
P229,18.6,18.6,17.5,18.2,29.4,28.9,26.8,19.4,6.9,22.8
P230,18.0,17.0,18.9,18.2,27.2,25.9,23.2,17.6,5.1,22.1
P231,18.3,19.3,18.3,18.4,10.8,12.8,14.3,17.8,5.6,16.9
P232,19.3,21.3,18.3,18.9,7.0,10.6,13.2,17.6,6.2,16.2
P233,19.8,17.8,18.9,19.5,26.8,25.2,25.4,19.0,7.2,21.9
P234,16.9,17.8,20.3,18.0,15.0,14.2,15.4,20.7,6.1,19.3
P235,20.4,19.5,19.9,16.5,20.2,21.4,20.9,19.6,5.5,21.7
P236,20.5,19.0,19.4,19.2,12.6,13.9,15.2,19.0,5.2,15.6
P237,18.4,18.3,18.7,17.9,19.2,19.7,18.5,19.1,6.0,20.5
P238,17.0,17.0,18.4,17.3,12.8,11.4,14.0,19.5,5.5,14.0
P239,17.8,17.0,17.7,16.6,32.0,29.6,26.4,17.3,5.9,23.0
P240,18.1,17.9,16.8,19.2,11.0,14.3,14.8,18.9,5.2,17.5
P241,18.5,18.6,18.4,18.6,17.4,19.1,16.8,15.9,5.4,19.4
P242,19.6,18.8,19.5,18.0,19.0,20.2,19.8,19.0,5.1,18.4
P243,16.8,16.3,18.7,18.0,28.8,27.6,24.1,19.8,7.2,23.5
P244,16.9,16.2,20.5,18.9,7.2,12.7,12.3,18.0,5.3,16.0
P245,16.4,20.7,17.6,18.7,19.8,17.9,19.2,18.7,6.1,19.5
P246,18.1,17.5,18.8,15.3,19.0,18.0,18.5,15.1,6.3,20.2
P247,20.5,17.1,17.3,18.9,24.6,22.5,21.9,18.0,5.7,22.3
P248,19.8,19.0,18.8,18.4,24.9,21.7,24.5,18.8,6.7,20.2
P249,18.8,18.3,17.8,17.4,15.2,19.4,19.6,18.5,5.2,18.0
P250,15.3,15.6,17.2,17.9,20.5,22.4,21.6,18.5,7.1,20.3
P251,17.4,16.1,15.3,20.4,17.7,17.3,20.4,19.6,5.5,19.3
P252,18.3,19.3,17.9,17.7,24.4,19.4,22.0,17.7,5.0,20.9
P253,17.6,17.6,17.8,17.8,19.7,18.8,20.8,16.1,5.2,20.3
P254,15.7,16.9,19.3,17.7,13.7,12.5,17.8,18.3,5.7,20.8
P255,17.1,17.5,16.8,17.8,19.7,20.7,20.6,17.2,5.6,21.6
P256,15.9,18.2,19.5,18.6,23.2,23.8,21.9,18.0,5.2,22.3
P257,17.9,19.2,17.1,17.4,37.6,33.9,28.2,19.2,5.4,24.5
P258,13.4,15.1,19.2,17.7,16.2,16.5,18.5,15.7,7.4,16.8
P259,17.1,18.1,18.1,17.6,20.9,22.8,20.9,18.0,5.1,20.2
P260,16.0,16.5,15.9,18.0,31.5,30.0,23.7,19.3,5.1,23.5
P261,15.9,16.1,15.6,18.7,3.1,8.4,12.7,17.3,5.3,14.4
P262,18.0,17.2,17.5,18.4,6.0,12.0,11.9,19.3,6.7,14.3
P263,17.7,17.3,18.3,16.1,10.8,11.7,14.8,19.5,5.2,14.3
P264,15.0,15.6,18.4,16.7,17.2,20.7,19.8,18.2,6.0,21.4
P265,16.4,14.5,15.8,16.4,39.3,35.6,28.9,17.0,7.6,26.2
P266,15.8,16.8,15.6,18.0,24.3,21.6,22.8,17.3,5.3,20.1
P267,15.4,14.9,17.2,16.9,29.4,25.9,23.4,16.8,5.6,23.4
P268,15.5,17.0,19.0,17.4,20.6,19.2,20.7,16.9,6.4,18.0
P269,16.5,16.1,14.5,15.5,1.6,5.8,11.7,17.7,8.5,14.1
P270,15.5,15.9,16.3,16.2,0.3,7.6,11.3,16.7,5.5,15.4
P271,16.6,16.7,15.3,16.6,26.8,23.8,25.1,17.0,5.5,21.4
P272,17.0,19.0,17.5,18.2,20.0,21.3,21.0,19.2,5.0,19.3
P273,16.0,15.9,18.4,17.8,10.0,12.4,15.8,16.8,6.1,14.5
P274,17.4,16.9,17.4,17.1,30.9,25.5,25.9,16.3,5.6,21.3
P275,16.0,15.9,17.1,16.2,6.0,11.4,15.4,18.2,5.1,16.6
P276,13.8,15.8,17.9,17.4,28.0,27.8,24.4,18.1,6.7,22.2
P277,16.2,16.5,17.2,16.8,31.3,29.2,26.8,15.4,5.4,23.4
P278,15.9,17.3,14.8,17.4,11.8,14.5,16.3,16.8,5.8,17.4
P279,15.3,15.7,14.2,15.1,10.6,14.0,16.7,20.5,5.1,16.3
P280,15.9,16.8,16.5,15.5,26.6,25.0,21.7,15.6,6.4,19.4
P281,15.8,15.7,18.0,17.4,10.2,14.9,14.9,19.5,7.0,17.1
P282,16.4,16.1,15.2,17.9,27.4,26.2,24.7,18.7,6.2,22.0
P283,15.6,16.4,16.1,16.3,12.6,13.4,17.5,16.1,5.1,16.5
P284,15.0,15.5,16.1,16.1,28.6,25.6,22.3,16.3,5.9,22.7
P285,14.7,16.9,14.5,16.0,22.8,17.5,20.1,18.1,5.2,19.3
P286,14.3,13.3,14.6,16.6,15.9,17.4,18.1,17.3,7.0,18.6
P287,14.9,15.3,15.1,13.9,13.6,15.6,19.2,17.8,6.9,18.5
P288,14.9,16.3,14.7,16.8,21.8,20.2,22.4,18.2,5.5,21.6
P289,17.3,15.5,14.5,15.4,5.7,8.9,10.7,18.5,5.3,17.2
P290,16.6,15.2,16.2,15.6,16.8,18.0,19.5,18.5,6.0,20.2
P291,15.3,15.4,17.4,16.0,18.5,17.2,17.3,17.7,6.7,17.6
P292,15.0,15.6,15.7,14.0,23.9,24.7,23.4,15.6,5.4,22.0
P293,16.3,14.6,17.7,16.0,11.7,13.6,13.8,16.4,5.4,27.1
P294,13.3,14.8,16.6,16.8,32.5,29.2,27.4,15.5,5.3,25.4
P295,14.9,12.1,17.2,17.6,19.2,19.2,16.8,18.3,5.5,20.4
P296,14.6,15.0,15.4,18.0,11.3,13.0,14.0,17.1,5.1,17.4
P297,15.9,16.1,15.6,16.3,31.2,29.2,26.4,16.7,6.0,24.5
P298,15.8,13.9,16.1,15.6,30.7,30.0,27.8,15.6,5.8,25.4
P299,13.3,14.0,15.2,16.7,19.3,18.3,18.9,16.5,5.4,18.5
P300,13.3,15.9,15.2,19.4,13.6,13.8,16.5,16.8,5.5,18.3
P301,3.1,14.9,16.3,18.6,19.6,19.7,20.9,17.9,6.0,21.5
P302,14.4,14.7,16.2,16.7,16.5,17.7,15.1,17.3,5.8,15.8
P303,14.9,14.7,15.0,14.3,16.3,17.9,17.0,16.2,5.2,19.1
P304,14.8,14.8,14.0,14.6,32.6,30.5,26.4,15.7,5.2,21.7
P305,13.2,14.4,15.3,15.4,22.8,20.9,20.9,16.6,7.2,19.5
P306,13.9,16.6,16.1,17.6,22.8,20.3,20.5,14.8,6.4,21.2
P307,15.0,15.5,15.8,16.0,23.1,23.5,20.4,14.9,5.0,22.3
P308,14.5,14.5,16.2,15.8,17.3,18.5,17.3,15.9,5.5,20.4
P309,16.7,13.9,15.1,15.2,23.4,24.1,22.5,16.4,6.0,20.6
P310,14.9,14.6,14.1,14.7,26.7,26.3,25.2,14.5,6.4,22.3
P311,14.6,15.8,14.0,16.6,15.5,17.2,17.5,18.1,7.0,20.0
P312,14.7,13.9,17.2,17.2,21.9,20.5,20.0,16.0,6.6,19.2
P313,14.2,16.5,16.1,17.6,39.8,35.0,31.3,16.8,5.4,25.5
P314,12.2,16.2,14.5,14.6,24.4,21.5,20.1,15.3,5.0,21.4
P315,14.5,15.6,14.8,15.9,18.4,18.2,19.8,16.4,7.3,20.3
P316,13.0,15.1,14.6,17.3,34.4,31.6,27.5,16.1,5.1,23.3
P317,11.6,14.6,16.6,17.1,19.7,20.7,19.1,14.2,6.5,20.9
P318,13.5,13.9,16.0,15.8,10.9,13.8,15.7,15.4,5.8,18.4
P319,13.2,12.9,17.0,16.8,26.1,24.0,23.0,14.2,5.0,22.1
P320,13.5,14.8,13.9,15.6,11.0,14.6,15.7,14.3,5.4,17.8
P321,13.0,15.4,14.0,16.4,16.9,16.4,19.7,14.2,5.7,18.9
P322,14.6,12.4,13.4,14.3,22.7,22.1,21.4,15.5,5.8,19.2
P323,13.2,14.8,15.9,14.7,20.3,17.7,20.4,14.5,5.3,18.6
P324,12.5,13.5,16.3,14.4,14.6,15.6,17.3,16.1,5.8,16.7
P325,13.6,14.5,13.9,15.6,14.4,17.6,17.0,15.4,5.9,19.9
P326,12.8,13.3,15.7,11.7,16.8,18.0,16.4,17.0,5.4,19.1
P327,10.7,13.4,14.3,14.6,28.9,26.7,21.3,15.4,5.8,22.8
P328,12.8,13.9,14.8,17.1,13.3,17.7,16.8,14.5,6.7,19.2
P329,11.5,15.0,14.8,14.3,14.6,17.1,17.9,16.4,5.0,18.0
P330,14.0,12.5,15.4,15.1,35.0,31.0,27.8,13.4,6.6,26.2
P331,12.0,13.7,16.4,15.4,14.4,14.1,15.9,16.9,5.4,17.1
P332,14.1,13.4,13.6,14.3,31.4,30.9,24.8,15.0,6.6,25.5
P333,12.0,16.2,15.6,13.1,32.7,26.1,26.1,14.1,7.1,24.3
P334,13.7,13.7,14.6,14.8,18.5,17.8,20.1,15.5,5.3,18.9
P335,12.8,11.9,13.9,13.7,10.2,10.4,13.8,15.4,5.9,17.0
P336,13.1,16.2,14.2,15.2,26.9,21.7,23.0,15.9,6.6,20.4
P337,14.0,11.8,13.9,15.8,25.1,24.4,21.9,14.6,5.7,21.3
P338,13.6,13.6,16.4,15.3,28.1,28.5,23.7,14.3,5.2,21.1
P339,13.5,15.1,14.8,14.1,20.4,21.0,21.7,14.8,5.5,21.5
P340,13.0,13.8,14.6,13.7,29.5,28.5,24.6,14.9,5.4,23.5
P341,15.8,12.4,14.1,16.9,31.2,28.8,23.8,16.3,6.0,24.5
P342,12.5,13.8,13.8,15.5,11.6,14.6,14.2,14.7,8.4,17.2
P343,13.5,12.9,16.6,13.3,31.0,27.5,25.1,14.5,6.7,22.4
P344,14.9,12.8,14.9,12.9,21.3,21.7,20.5,14.4,5.2,20.5
P345,13.4,14.5,12.1,11.9,15.2,16.6,18.6,16.2,5.8,21.0
P346,12.6,10.9,14.8,14.6,17.8,16.2,18.4,15.1,5.2,20.0
P347,13.7,14.7,15.0,14.0,37.1,31.6,28.5,14.5,6.7,22.0
P348,12.4,12.1,13.5,15.2,26.1,23.8,24.3,15.2,5.3,21.8
P349,10.3,12.8,12.6,14.7,6.8,8.6,13.3,15.0,5.8,17.4
P350,13.0,13.7,14.4,13.6,20.7,20.9,21.8,16.3,7.7,18.9
P351,12.1,10.7,12.8,12.2,20.3,20.1,18.2,15.2,5.9,21.7
P352,13.1,12.9,13.3,14.8,19.0,18.4,17.8,16.0,5.9,19.2
P353,13.0,12.6,14.7,12.7,16.8,15.3,16.2,13.4,5.1,17.9
P354,10.3,14.1,12.2,13.8,8.7,10.7,14.6,15.4,5.1,17.6
P355,11.2,11.3,13.5,12.8,27.3,25.1,22.9,15.3,5.6,18.6
P356,11.5,12.7,13.8,13.3,11.1,14.5,17.1,12.1,6.8,17.0
P357,8.7,11.8,14.2,12.6,17.2,16.7,19.0,15.3,6.6,19.2
P358,13.1,13.0,12.6,15.6,14.5,16.6,20.5,15.6,6.0,18.8
P359,11.1,12.3,11.3,14.1,12.3,16.1,17.5,15.5,7.7,16.2
P360,10.3,11.2,12.4,14.8,25.5,23.8,21.6,13.7,5.5,21.7
P361,9.9,12.2,13.7,14.1,21.6,23.3,22.5,14.8,6.5,19.2
P362,11.6,11.0,11.4,14.7,15.7,16.7,18.9,15.5,6.4,19.7
P363,11.7,12.8,14.8,14.2,14.3,14.4,15.8,13.5,5.2,15.6
P364,11.4,12.0,12.2,10.9,13.7,18.0,17.0,15.9,5.9,19.3
P365,9.7,11.4,12.6,14.3,29.8,27.0,22.1,14.3,5.2,21.7
P366,12.1,14.0,12.3,14.9,22.7,19.5,22.6,16.3,5.4,22.4
P367,11.7,13.5,13.6,12.5,22.2,21.2,20.3,12.9,5.9,19.1
P368,12.8,9.8,12.9,12.8,15.9,18.9,17.7,15.7,5.2,19.6
P369,11.1,12.8,13.9,12.9,17.9,20.6,18.3,16.4,5.5,18.7
P370,9.3,11.0,10.6,12.8,22.6,21.2,20.1,13.0,5.8,18.8
P371,9.7,14.3,12.9,12.3,6.1,10.7,11.9,14.0,6.5,13.5
P372,12.8,16.0,11.7,11.4,34.6,30.9,27.0,15.9,5.4,24.4
P373,12.1,11.5,13.2,13.1,14.2,15.5,14.5,14.2,6.7,17.0
P374,9.1,12.8,12.2,12.8,16.9,17.4,17.5,11.5,5.8,18.3
P375,10.6,12.7,11.8,13.2,31.8,28.7,24.6,15.8,6.4,25.6
P376,10.9,12.0,13.7,13.8,21.9,21.2,20.5,13.2,5.8,21.0
P377,10.6,10.0,12.5,15.2,22.0,17.8,19.2,14.9,5.1,20.2
P378,10.8,11.8,11.2,14.6,14.1,16.3,19.5,15.3,5.0,18.5
P379,10.2,11.1,12.2,14.8,7.0,11.3,14.3,14.4,5.3,17.0
P380,11.1,11.8,11.9,10.6,22.4,22.0,20.2,13.7,5.4,19.3
P381,11.7,12.4,13.4,14.2,27.3,27.8,24.3,15.2,6.3,24.0
P382,10.7,14.9,12.3,11.9,14.0,12.9,18.7,15.1,6.6,19.0
P383,11.3,10.0,11.6,13.8,30.7,28.7,24.7,12.9,5.4,24.3
P384,10.7,10.3,10.3,15.5,9.7,12.2,14.7,14.9,5.9,17.9
P385,11.0,10.0,12.4,11.5,14.0,16.5,16.8,12.7,5.5,18.0
P386,11.0,8.6,9.9,13.5,23.9,23.1,22.3,13.5,5.5,21.4
P387,11.3,11.7,12.1,11.6,20.3,18.6,19.2,13.8,5.1,21.3
P388,11.5,11.8,11.6,12.8,25.2,26.2,23.3,12.8,6.0,23.2
P389,9.3,11.6,12.2,14.0,13.0,16.1,17.3,14.5,6.6,18.3
P390,10.0,12.1,10.2,12.9,10.6,12.4,14.0,11.6,6.0,18.5
P391,10.4,12.3,11.9,12.1,3.8,9.7,13.5,15.0,5.9,15.0
P392,8.6,12.4,12.7,13.3,10.4,12.6,14.8,14.8,5.7,18.1
P393,10.5,9.8,10.1,11.7,11.4,12.0,16.5,14.8,5.7,15.3
P394,7.3,12.0,13.5,12.1,9.2,11.1,13.6,14.6,5.6,17.5
P395,12.0,10.7,13.9,10.9,23.6,21.9,24.3,13.4,5.9,22.7
P396,8.1,11.3,10.7,14.1,14.6,17.1,17.3,12.0,7.5,20.5
P397,10.1,9.3,11.2,13.6,2.3,10.8,11.8,12.8,6.6,15.3
P398,8.6,11.8,12.1,13.7,38.8,33.6,30.7,12.7,7.6,25.5
P399,10.5,9.7,13.0,11.7,13.2,13.1,15.7,12.9,5.7,18.1
P400,10.9,7.9,11.4,12.1,8.7,12.4,14.1,13.6,5.4,17.5
