hole,dx,dy,verdict
H001,0.089,-0.061,reject
H002,0.029,-0.062,ok
H003,0.076,0.03,ok
H004,0.095,0.067,reject
H005,-0.013,0.016,ok
H006,-0.118,0.009,reject
H007,-0.117,-0.025,reject
H008,0.118,-0.033,reject
H009,-0.045,0.019,ok
H010,0.022,0.029,ok
H011,0.059,0.039,ok
H012,-0.059,0.019,ok
H013,0.015,0.016,ok
H014,-0.038,-0.108,reject
H015,0.007,-0.057,ok
H016,0.086,0.037,ok
H017,0.075,0.01,ok
H018,0.131,0.097,reject
H019,0.051,0.087,reject
H020,-0.047,0.032,ok
H021,0.029,-0.077,ok
H022,-0.012,-0.02,ok
H023,-0.058,-0.016,ok
H024,-0.082,-0.107,reject
H025,0.003,-0.023,ok
H026,0.109,-0.072,reject
H027,-0.008,-0.001,ok
H028,0.045,0.051,ok
H029,0.143,-0.059,reject
H030,0.051,0.031,ok
H031,0.024,-0.042,ok
H032,0.084,0.099,reject
H033,0.039,0.039,ok
H034,0.074,0.022,ok
H035,-0.039,0.041,ok
H036,0.131,-0.064,reject
H037,-0.093,-0.006,ok
H038,0.033,0.057,ok
H039,0.083,-0.034,ok
H040,0.027,0.116,reject
H041,-0.018,0.056,ok
H042,0.059,-0.005,ok
H043,-0.027,0.096,ok
H044,-0.055,0.024,ok
H045,-0.053,-0.113,reject
H046,-0.029,-0.027,ok
H047,0.051,-0.001,ok
H048,0.0,0.07,ok
H049,0.108,-0.087,reject
H050,0.014,-0.078,ok
H051,-0.014,0.114,reject
H052,-0.034,-0.049,ok
H053,0.031,0.005,ok
H054,-0.008,0.063,ok
H055,-0.069,-0.073,reject
H056,0.073,0.093,reject
H057,0.022,-0.049,ok
H058,0.119,0.044,reject
H059,0.1,0.017,reject
H060,0.09,-0.089,reject
H061,0.124,-0.069,reject
H062,0.053,-0.032,ok
H063,-0.077,0.022,ok
H064,0.011,0.123,reject
H065,0.03,0.047,ok
H066,-0.018,-0.14,reject
H067,-0.035,-0.009,ok
H068,0.041,-0.03,ok
H069,-0.009,0.032,ok
H070,0.077,-0.074,reject
H071,0.044,0.074,ok
H072,-0.041,0.047,ok
H073,-0.024,-0.068,ok
H074,0.035,0.019,ok
H075,0.022,-0.056,ok
H076,-0.043,-0.115,reject
H077,-0.044,-0.051,ok
H078,0.031,0.02,ok
H079,0.001,-0.072,ok
H080,-0.003,-0.05,ok
H081,-0.056,-0.012,ok
H082,-0.007,-0.093,ok
H083,-0.001,-0.095,ok
H084,-0.03,-0.067,ok
H085,0.024,-0.018,ok
H086,-0.03,-0.04,ok
H087,-0.136,-0.079,reject
H088,-0.043,0.064,ok
H089,0.046,-0.026,ok
H090,0.03,0.069,ok
H091,0.062,-0.075,ok
H092,0.033,0.022,ok
H093,-0.006,0.019,ok
H094,-0.065,-0.033,ok
H095,0.019,-0.046,ok
H096,0.002,-0.001,ok
H097,-0.107,-0.088,reject
H098,-0.101,0.007,reject
H099,-0.034,-0.065,ok
H100,0.083,-0.14,reject
H101,-0.012,-0.016,ok
H102,0.081,-0.0,ok
H103,0.026,-0.042,ok
H104,0.093,0.004,ok
H105,0.115,0.018,reject
H106,-0.008,-0.032,ok
H107,-0.086,-0.008,ok
H108,-0.04,0.026,ok
H109,-0.027,0.016,ok
H110,0.003,0.009,ok
H111,0.047,0.065,ok
H112,-0.022,-0.01,ok
H113,0.079,-0.057,ok
H114,-0.016,-0.05,ok
H115,0.0,-0.057,ok
H116,-0.014,-0.044,ok
H117,-0.036,0.056,ok
H118,0.002,-0.172,reject
H119,0.111,-0.011,reject
H120,0.062,0.105,reject
H121,0.091,-0.096,reject
H122,0.138,0.038,reject
H123,-0.039,0.005,ok
H124,0.081,0.013,ok
H125,0.124,0.039,reject
H126,0.027,0.09,ok
H127,-0.045,-0.126,reject
H128,0.019,0.017,ok
H129,0.047,0.054,ok
H130,0.107,-0.063,reject
H131,0.004,0.032,ok
H132,0.032,0.04,ok
H133,0.05,0.003,ok
H134,-0.071,0.018,ok
H135,0.035,0.013,ok
H136,-0.107,0.091,reject
H137,0.001,-0.015,ok
H138,0.068,0.057,ok
H139,0.006,-0.147,reject
H140,0.075,0.065,ok
H141,0.045,0.022,ok
H142,0.163,-0.042,reject
H143,0.008,-0.123,reject
H144,-0.0,0.063,ok
H145,0.008,0.006,ok
H146,0.018,0.029,ok
H147,0.069,-0.059,ok
H148,0.041,0.037,ok
H149,0.054,-0.015,ok
H150,0.049,0.046,ok
H151,0.086,-0.002,ok
H152,0.037,-0.103,reject
H153,-0.012,0.034,ok
H154,0.027,-0.064,ok
H155,-0.066,0.064,ok
H156,0.151,-0.026,reject
H157,-0.019,-0.015,ok
H158,-0.045,0.006,ok
H159,0.07,-0.03,ok
H160,-0.001,-0.032,ok
H161,0.07,-0.069,ok
H162,-0.044,-0.078,ok
H163,-0.057,-0.007,ok
H164,0.039,0.042,ok
H165,-0.027,-0.037,ok
H166,0.067,-0.011,ok
H167,0.052,-0.027,ok
H168,0.021,-0.077,ok
H169,0.017,-0.009,ok
H170,0.013,-0.027,ok
H171,0.107,-0.145,reject
H172,-0.102,-0.02,reject
H173,-0.062,0.02,ok
H174,-0.032,0.028,ok
H175,-0.081,-0.006,ok
H176,0.013,-0.037,ok
H177,-0.06,0.065,ok
H178,-0.006,0.009,ok
H179,0.042,-0.13,reject
H180,-0.013,-0.071,ok
H181,0.019,0.044,ok
H182,-0.051,-0.11,reject
H183,-0.019,-0.037,ok
H184,-0.13,-0.012,reject
H185,0.111,0.006,reject
H186,0.05,0.01,ok
H187,0.07,-0.019,ok
H188,0.035,-0.131,reject
H189,0.074,-0.023,ok
H190,0.095,0.069,reject
H191,-0.032,0.002,ok
H192,-0.019,-0.076,ok
H193,0.105,0.087,reject
H194,-0.05,0.026,ok
H195,0.011,-0.032,ok
H196,0.065,0.05,ok
H197,0.083,-0.025,ok
H198,-0.019,-0.041,ok
H199,-0.068,0.009,ok
H200,-0.012,0.046,ok
H201,0.133,0.083,reject
H202,0.034,0.073,ok
H203,0.006,0.03,ok
H204,0.06,0.072,ok
H205,-0.015,0.055,ok
H206,-0.001,0.087,ok
H207,-0.032,0.097,reject
H208,0.041,-0.006,ok
H209,0.122,-0.016,reject
H210,-0.008,-0.051,ok
H211,-0.018,0.131,reject
H212,0.053,0.101,reject
H213,-0.022,-0.013,ok
H214,0.057,0.021,ok
H215,0.04,-0.024,ok
H216,0.054,0.075,ok
H217,-0.017,0.019,ok
H218,-0.033,0.051,ok
H219,-0.003,-0.016,ok
H220,0.029,0.038,ok
H221,-0.024,-0.072,ok
H222,0.153,0.08,reject
H223,0.093,-0.007,ok
H224,0.082,-0.008,ok
H225,-0.046,-0.082,ok
H226,-0.021,0.008,ok
H227,0.032,-0.056,ok
H228,-0.046,0.056,ok
H229,-0.056,-0.03,ok
H230,-0.104,-0.006,reject
H231,-0.08,-0.048,ok
H232,-0.085,-0.087,reject
H233,0.042,0.006,ok
H234,0.047,-0.069,ok
H235,-0.068,0.01,ok
H236,0.018,-0.08,ok
H237,0.101,-0.087,reject
H238,0.068,-0.093,reject
H239,0.024,-0.105,reject
H240,-0.008,-0.107,reject
H241,0.082,0.092,reject
H242,0.028,0.098,reject
H243,0.041,0.083,ok
H244,0.087,0.056,reject
H245,-0.116,0.06,reject
H246,-0.141,-0.089,reject
H247,0.012,-0.025,ok
H248,0.052,0.023,ok
H249,0.037,-0.002,ok
H250,-0.055,0.106,reject
H251,0.147,0.056,reject
H252,0.01,-0.092,ok
H253,-0.1,0.121,reject
H254,0.094,-0.041,reject
H255,-0.126,-0.097,reject
H256,0.021,0.002,ok
H257,-0.016,0.056,ok
H258,-0.027,-0.077,ok
H259,-0.005,-0.012,ok
H260,0.026,-0.038,ok
H261,0.034,-0.04,ok
H262,-0.038,-0.016,ok
H263,0.08,-0.025,ok
H264,-0.147,-0.043,reject
H265,-0.004,0.005,ok
H266,0.001,-0.029,ok
H267,0.003,0.141,reject
H268,-0.065,0.044,ok
H269,0.116,0.003,reject
H270,-0.007,-0.071,ok
H271,0.07,0.01,ok
H272,-0.069,0.04,ok
H273,-0.007,-0.017,ok
H274,-0.037,-0.082,ok
H275,-0.014,-0.093,ok
H276,-0.038,0.018,ok
H277,-0.051,-0.074,ok
H278,0.036,0.085,ok
H279,-0.052,-0.082,ok
H280,-0.044,-0.103,reject
H281,-0.004,-0.056,ok
H282,0.097,0.101,reject
H283,0.018,0.104,reject
H284,-0.056,0.049,ok
H285,-0.066,0.104,reject
H286,-0.015,-0.008,ok
H287,-0.146,-0.08,reject
H288,0.004,-0.055,ok
H289,-0.032,0.034,ok
H290,-0.001,0.005,ok
H291,-0.007,0.05,ok
H292,0.056,0.044,ok
H293,0.059,-0.017,ok
H294,0.083,-0.053,ok
H295,0.049,-0.053,ok
H296,0.013,0.014,ok
H297,0.031,0.028,ok
H298,-0.027,-0.135,reject
H299,0.023,0.022,ok
H300,-0.133,0.007,reject
H301,0.026,-0.049,ok
H302,-0.104,0.009,reject
H303,-0.088,-0.056,reject
H304,-0.019,-0.079,ok
H305,-0.006,-0.091,ok
H306,0.037,0.001,ok
H307,-0.05,0.052,ok
H308,0.023,-0.032,ok
H309,0.021,0.029,ok
H310,-0.077,-0.03,ok
H311,-0.015,-0.085,ok
H312,0.028,0.005,ok
H313,-0.025,0.079,ok
H314,-0.028,-0.005,ok
H315,0.02,-0.033,ok
H316,0.03,-0.018,ok
H317,0.02,0.001,ok
H318,-0.039,0.041,ok
H319,0.016,0.054,ok
H320,-0.005,0.068,ok
H321,0.06,-0.107,reject
H322,0.089,0.14,reject
H323,-0.064,-0.057,ok
H324,0.108,0.007,reject
H325,0.056,-0.065,ok
H326,-0.084,-0.04,ok
H327,-0.025,-0.009,ok
H328,0.071,0.018,ok
H329,-0.043,-0.076,ok
H330,-0.04,0.054,ok
H331,-0.007,0.022,ok
H332,0.13,0.04,reject
H333,0.153,-0.031,reject
H334,-0.004,-0.083,ok
H335,0.03,-0.035,ok
H336,-0.116,-0.067,reject
H337,-0.019,-0.041,ok
H338,-0.049,-0.029,ok
H339,0.034,-0.072,ok
H340,-0.057,0.08,ok
H341,0.01,0.055,ok
H342,-0.065,-0.052,ok
H343,0.009,-0.023,ok
H344,-0.03,-0.003,ok
H345,0.058,-0.002,ok
H346,0.011,-0.052,ok
H347,-0.061,0.111,reject
H348,-0.001,-0.043,ok
H349,-0.08,-0.039,ok
H350,-0.166,0.001,reject
H351,-0.04,0.06,ok
H352,-0.044,-0.021,ok
H353,0.005,-0.043,ok
H354,-0.055,0.056,ok
H355,0.036,-0.027,ok
H356,-0.027,-0.09,ok
H357,-0.097,0.017,ok
H358,0.063,0.185,reject
H359,0.033,0.086,ok
H360,-0.001,-0.017,ok
H361,0.097,0.013,ok
H362,-0.022,-0.025,ok
H363,0.122,0.104,reject
H364,-0.118,-0.024,reject
H365,0.024,-0.099,reject
H366,-0.114,-0.071,reject
H367,0.039,0.069,ok
H368,-0.085,-0.004,ok
H369,-0.052,0.017,ok
H370,-0.016,0.094,ok
H371,0.022,0.082,ok
H372,-0.122,-0.048,reject
H373,0.042,-0.097,reject
H374,0.016,-0.015,ok
H375,0.098,-0.049,reject
H376,0.08,0.174,reject
H377,0.002,-0.037,ok
H378,0.107,-0.093,reject
H379,0.033,-0.04,ok
H380,-0.033,0.082,ok
H381,0.037,-0.045,ok
H382,0.112,-0.042,reject
H383,-0.033,0.054,ok
H384,0.009,-0.058,ok
H385,0.142,-0.012,reject
H386,0.038,-0.038,ok
H387,0.195,-0.121,reject
H388,-0.035,-0.054,ok
H389,0.005,0.034,ok
H390,0.129,0.066,reject
H391,0.084,0.016,ok
H392,-0.056,0.129,reject
H393,0.081,0.004,ok
H394,-0.091,0.059,reject
H395,-0.034,0.009,ok
H396,0.036,0.03,ok
H397,0.055,-0.074,ok
H398,0.004,0.114,reject
H399,0.079,-0.059,ok
H400,0.091,-0.063,reject
