pass,feed,radius,speed,wear,coolant,ra
1,0.17,0.8,280,0.26,yes,1.79
2,0.265,0.4,81,0.18,yes,8.31
3,0.134,0.4,78,0.15,yes,2.30
4,0.075,0.8,216,0.13,no,0.57
5,0.341,0.8,198,0.07,yes,5.28
6,0.219,1.2,309,0.28,yes,1.73
7,0.243,0.4,311,0.11,yes,5.56
8,0.223,0.4,73,0.12,no,7.85
9,0.193,1.2,255,0.04,yes,1.28
10,0.087,0.4,62,0.03,no,1.31
11,0.144,0.8,196,0.22,no,1.35
12,0.271,1.2,126,0.2,yes,2.88
13,0.322,0.4,317,0.11,yes,10.36
14,0.317,0.4,84,0.18,yes,12.78
15,0.334,0.4,297,0.05,yes,9.00
16,0.058,0.4,312,0.15,yes,0.51
17,0.271,0.4,191,0.1,no,6.65
18,0.252,0.8,157,0.07,no,3.08
19,0.238,0.4,77,0.21,no,7.91
20,0.241,0.4,244,0.13,no,5.95
21,0.088,0.4,235,0.17,no,1.16
22,0.238,1.2,189,0.05,no,1.98
23,0.286,0.4,179,0.21,no,9.80
24,0.052,0.4,90,0.15,yes,0.48
25,0.326,0.8,76,0.17,no,8.58
26,0.089,1.2,120,0.25,yes,0.56
27,0.163,0.4,296,0.04,yes,2.24
28,0.215,0.8,82,0.1,no,3.03
29,0.232,0.8,114,0.02,no,2.47
30,0.215,0.4,126,0.22,no,6.21
31,0.166,1.2,264,0.01,yes,0.99
32,0.314,0.4,175,0.19,yes,10.05
33,0.169,0.4,238,0.28,no,3.28
34,0.312,0.8,96,0.09,yes,4.50
35,0.149,0.8,202,0.06,yes,1.17
36,0.238,1.2,284,0.26,no,2.42
37,0.305,0.8,312,0.1,yes,4.03
38,0.086,0.8,140,0.09,no,0.55
39,0.101,0.8,83,0.28,yes,0.94
40,0.268,1.2,119,0.08,yes,2.50
41,0.088,0.4,72,0.17,no,1.37
42,0.055,0.4,280,0.2,no,0.53
43,0.107,0.4,73,0.15,yes,1.71
44,0.168,1.2,73,0.19,yes,1.50
45,0.261,0.4,267,0.23,no,8.38
46,0.26,0.4,307,0.12,no,6.99
47,0.114,0.4,122,0.08,yes,1.49
48,0.117,0.4,312,0.09,yes,1.35
49,0.066,0.4,60,0.04,yes,0.72
50,0.057,0.4,186,0.28,no,0.70
51,0.09,0.4,281,0.11,no,0.92
52,0.276,1.2,132,0.04,yes,2.81
53,0.152,0.4,144,0.26,yes,3.01
54,0.154,0.4,94,0.07,no,2.98
55,0.154,1.2,279,0.27,yes,1.11
56,0.122,1.2,133,0.0,yes,0.66
57,0.332,0.8,178,0.03,no,4.47
58,0.332,1.2,203,0.03,yes,3.43
59,0.33,0.8,83,0.07,yes,6.12
60,0.266,0.8,271,0.14,no,3.72
61,0.245,0.8,188,0.08,yes,2.76
62,0.222,1.2,133,0.28,yes,2.25
63,0.173,1.2,252,0.15,no,1.33
64,0.259,0.4,205,0.28,yes,7.72
65,0.21,1.2,73,0.27,no,2.74
66,0.276,1.2,61,0.27,yes,4.30
67,0.27,0.4,116,0.16,yes,7.32
68,0.235,0.8,199,0.19,yes,2.61
69,0.196,0.8,144,0.03,no,2.09
70,0.268,1.2,92,0.21,yes,3.17
71,0.276,0.4,250,0.18,no,8.00
72,0.263,1.2,189,0.09,yes,2.07
73,0.097,0.4,118,0.16,yes,1.05
74,0.126,0.4,140,0.12,yes,1.59
75,0.252,1.2,68,0.18,no,3.29
76,0.256,1.2,317,0.09,no,2.26
77,0.228,1.2,300,0.17,yes,1.71
78,0.249,1.2,214,0.22,yes,2.58
79,0.327,0.8,265,0.19,yes,5.27
80,0.072,0.4,244,0.3,no,0.83
81,0.203,0.8,181,0.24,yes,2.62
82,0.15,0.8,234,0.06,yes,1.15
83,0.056,0.4,94,0.04,no,0.57
84,0.254,0.8,136,0.27,yes,4.22
85,0.064,1.2,263,0.03,no,0.36
86,0.062,0.8,174,0.03,no,0.38
87,0.128,0.8,290,0.13,yes,1.09
88,0.075,0.4,296,0.28,yes,0.80
89,0.269,0.8,132,0.07,no,3.76
90,0.052,1.2,98,0.17,no,0.37
91,0.245,0.4,112,0.03,yes,5.96
92,0.151,1.2,315,0.1,yes,0.92
93,0.345,1.2,213,0.06,yes,3.99
94,0.223,1.2,124,0.21,no,2.18
95,0.25,1.2,274,0.19,yes,1.92
96,0.308,0.8,78,0.26,no,8.47
97,0.117,0.4,221,0.03,yes,1.45
98,0.122,1.2,87,0.25,no,1.16
99,0.291,1.2,186,0.04,no,2.74
100,0.35,1.2,255,0.04,yes,3.21
101,0.2,1.2,169,0.18,no,1.69
102,0.146,1.2,101,0.07,yes,0.85
103,0.346,0.8,247,0.2,yes,6.79
104,0.089,0.8,168,0.03,yes,0.57
105,0.081,0.8,294,0.07,yes,0.52
106,0.277,1.2,128,0.21,yes,3.31
107,0.246,0.8,86,0.06,yes,3.24
108,0.163,0.4,87,0.24,yes,3.77
109,0.151,1.2,146,0.28,no,1.34
110,0.205,0.4,179,0.22,yes,3.54
111,0.318,0.4,303,0.21,yes,9.40
112,0.138,1.2,287,0.3,no,1.07
113,0.212,1.2,315,0.03,no,1.45
114,0.077,0.4,220,0.09,yes,0.77
115,0.245,0.8,86,0.12,yes,3.66
116,0.171,0.8,129,0.01,yes,1.74
117,0.111,0.4,157,0.21,yes,1.30
118,0.301,1.2,223,0.17,yes,2.90
119,0.062,0.4,73,0.05,yes,0.68
120,0.344,1.2,263,0.23,yes,3.96
121,0.207,0.8,280,0.16,yes,2.09
122,0.305,0.4,224,0.05,no,6.90
123,0.287,0.8,131,0.07,yes,3.91
124,0.251,1.2,117,0.18,yes,2.47
125,0.288,0.4,243,0.1,no,7.75
126,0.132,0.8,226,0.22,yes,1.16
127,0.094,0.8,228,0.23,yes,0.74
128,0.067,0.4,269,0.01,yes,0.64
129,0.062,0.8,170,0.12,yes,0.46
130,0.074,1.2,247,0.14,yes,0.41
131,0.173,0.8,75,0.3,yes,2.42
132,0.347,1.2,126,0.26,yes,4.67
133,0.245,0.4,251,0.03,no,4.40
134,0.119,0.8,67,0.09,yes,1.24
135,0.209,0.8,161,0.07,no,2.53
136,0.346,1.2,316,0.24,yes,4.11
137,0.09,0.4,244,0.07,yes,0.96
138,0.147,0.8,242,0.02,no,1.14
139,0.084,0.8,131,0.27,no,0.73
140,0.096,0.8,61,0.21,yes,0.94
141,0.123,0.4,216,0.28,yes,1.74
142,0.103,1.2,149,0.2,no,0.71
143,0.322,0.8,304,0.3,yes,5.61
144,0.249,0.8,289,0.24,yes,3.21
145,0.201,1.2,306,0.01,yes,1.33
146,0.185,0.8,272,0.21,yes,2.11
147,0.224,1.2,242,0.29,no,2.37
148,0.063,1.2,131,0.16,no,0.36
149,0.184,0.4,281,0.03,yes,2.69
150,0.09,1.2,203,0.03,yes,0.52
151,0.349,1.2,207,0.3,no,5.44
152,0.054,0.4,219,0.22,yes,0.63
153,0.137,0.8,232,0.25,yes,1.29
154,0.187,0.8,286,0.26,yes,2.12
155,0.148,0.8,318,0.24,no,1.25
156,0.21,1.2,245,0.19,yes,2.02
157,0.059,0.8,280,0.12,yes,0.45
158,0.334,1.2,198,0.07,yes,3.14
159,0.129,0.8,252,0.27,yes,0.99
160,0.202,0.4,250,0.23,yes,4.62
161,0.252,0.4,213,0.02,yes,5.44
162,0.312,0.8,185,0.2,no,5.03
163,0.349,0.8,68,0.25,yes,10.85
164,0.124,1.2,225,0.27,yes,0.79
165,0.145,1.2,285,0.07,no,0.83
166,0.13,1.2,62,0.28,yes,1.17
167,0.208,0.4,122,0.14,yes,4.96
168,0.317,0.4,145,0.2,no,10.75
169,0.343,0.4,209,0.16,no,12.28
170,0.276,1.2,279,0.21,no,3.27
171,0.096,1.2,259,0.28,yes,0.57
172,0.305,1.2,75,0.27,no,5.70
173,0.082,0.8,173,0.05,yes,0.52
174,0.187,1.2,307,0.23,no,1.77
175,0.105,0.4,264,0.12,yes,1.24
176,0.223,0.4,309,0.05,yes,4.07
177,0.153,0.4,237,0.08,yes,2.12
178,0.069,0.4,304,0.23,yes,0.61
179,0.203,1.2,223,0.01,yes,1.24
180,0.099,1.2,253,0.1,no,0.55
181,0.291,0.8,184,0.09,yes,3.71
182,0.202,1.2,187,0.26,yes,2.01
183,0.177,0.8,154,0.22,no,2.18
184,0.099,1.2,102,0.02,yes,0.58
185,0.348,1.2,309,0.09,yes,4.08
186,0.139,0.8,240,0.25,yes,1.20
187,0.23,0.4,207,0.11,yes,4.55
188,0.226,1.2,291,0.26,no,1.97
189,0.255,1.2,188,0.03,yes,2.24
190,0.112,0.8,170,0.05,yes,0.70
191,0.157,0.4,189,0.0,yes,2.23
192,0.341,0.8,152,0.28,no,8.73
193,0.345,0.8,319,0.07,yes,5.34
194,0.315,0.4,246,0.15,no,11.47
195,0.212,0.8,215,0.19,yes,2.09
196,0.077,1.2,317,0.25,yes,0.49
197,0.33,0.4,257,0.01,yes,9.21
198,0.339,1.2,109,0.04,yes,4.12
199,0.266,0.4,235,0.12,yes,7.10
200,0.222,0.8,131,0.02,no,2.25
201,0.227,0.8,86,0.08,no,3.27
202,0.323,0.8,94,0.24,yes,6.92
203,0.263,0.8,151,0.07,yes,3.53
204,0.304,1.2,148,0.19,yes,3.45
205,0.113,0.4,181,0.01,no,1.25
206,0.145,0.8,270,0.2,yes,1.22
207,0.123,0.8,271,0.3,yes,0.94
208,0.24,0.4,199,0.16,no,7.29
209,0.221,1.2,187,0.3,yes,1.95
210,0.083,0.8,273,0.04,no,0.57
211,0.065,0.8,310,0.19,yes,0.48
212,0.147,0.8,262,0.3,yes,1.59
213,0.304,0.4,96,0.23,yes,12.40
214,0.272,0.4,161,0.22,no,7.41
215,0.167,1.2,120,0.19,yes,1.18
216,0.119,1.2,130,0.29,yes,0.86
217,0.319,1.2,309,0.28,no,4.18
218,0.255,1.2,268,0.25,yes,2.68
219,0.251,1.2,233,0.27,no,2.86
220,0.342,0.8,205,0.22,no,6.74
221,0.196,1.2,130,0.25,yes,1.57
222,0.07,0.4,236,0.18,no,0.71
223,0.243,1.2,95,0.21,no,2.88
224,0.08,0.8,289,0.08,no,0.51
225,0.095,0.4,118,0.08,yes,1.09
226,0.288,0.4,135,0.14,yes,8.57
227,0.097,0.4,271,0.23,yes,1.05
228,0.334,1.2,184,0.16,no,3.92
229,0.277,1.2,79,0.01,yes,2.96
230,0.329,1.2,313,0.01,yes,2.89
231,0.164,1.2,258,0.13,no,1.09
232,0.148,1.2,73,0.2,no,1.38
233,0.344,0.4,173,0.03,yes,9.71
234,0.128,0.8,208,0.27,no,1.23
235,0.191,1.2,289,0.12,no,1.24
236,0.345,0.4,320,0.01,yes,8.46
237,0.055,0.4,216,0.3,no,0.69
238,0.116,1.2,94,0.25,no,0.83
239,0.331,1.2,134,0.14,no,3.73
240,0.112,0.4,141,0.22,yes,1.78
241,0.257,1.2,84,0.15,yes,3.04
242,0.196,1.2,287,0.13,yes,1.34
243,0.301,0.4,316,0.25,yes,10.14
244,0.314,1.2,298,0.19,no,3.98
245,0.214,1.2,92,0.28,yes,2.01
246,0.273,0.8,238,0.18,yes,3.33
247,0.178,0.4,93,0.02,yes,3.27
248,0.208,0.8,182,0.18,no,2.52
249,0.111,0.8,217,0.27,yes,0.97
250,0.251,0.8,103,0.27,no,4.61
251,0.35,0.8,185,0.26,yes,7.13
252,0.178,0.4,262,0.0,no,2.89
253,0.275,0.8,318,0.05,no,3.23
254,0.333,0.4,223,0.25,yes,11.97
255,0.269,1.2,119,0.24,no,3.52
256,0.303,1.2,116,0.07,no,3.43
257,0.093,1.2,208,0.25,yes,0.60
258,0.204,0.8,62,0.27,no,4.06
259,0.161,0.4,315,0.01,no,2.53
260,0.152,0.8,61,0.15,no,2.03
261,0.205,1.2,171,0.21,no,1.54
262,0.117,0.8,73,0.06,no,1.03
263,0.225,0.4,267,0.02,no,4.42
264,0.201,1.2,109,0.18,yes,1.89
265,0.198,0.4,214,0.14,no,3.66
266,0.285,0.4,185,0.29,yes,8.21
267,0.283,0.8,288,0.05,no,3.13
268,0.095,1.2,244,0.13,no,0.56
269,0.139,0.8,203,0.17,no,1.12
270,0.244,0.8,156,0.3,yes,3.31
271,0.098,0.4,263,0.2,no,1.17
272,0.348,1.2,214,0.0,no,3.78
273,0.115,0.4,180,0.28,yes,1.69
274,0.091,1.2,254,0.26,yes,0.54
275,0.052,0.4,122,0.27,yes,0.49
276,0.161,1.2,210,0.23,yes,1.11
277,0.294,1.2,306,0.26,no,3.73
278,0.098,0.4,303,0.1,yes,1.04
279,0.226,0.8,201,0.11,no,2.17
280,0.313,0.8,229,0.22,yes,4.70
281,0.304,0.8,281,0.14,yes,4.28
282,0.275,0.4,254,0.2,yes,6.39
283,0.107,1.2,285,0.04,no,0.58
284,0.272,0.8,92,0.15,yes,4.45
285,0.277,0.4,67,0.05,yes,9.96
286,0.216,0.8,103,0.15,yes,2.79
287,0.174,1.2,197,0.12,no,1.32
288,0.084,0.8,225,0.02,yes,0.52
289,0.274,0.4,283,0.26,yes,7.46
290,0.287,0.8,198,0.23,no,5.55
291,0.156,1.2,142,0.22,yes,1.11
292,0.239,0.8,78,0.04,no,3.71
293,0.096,0.4,283,0.14,yes,0.95
294,0.227,1.2,249,0.21,no,2.47
295,0.243,1.2,171,0.29,yes,2.85
296,0.207,1.2,184,0.22,yes,1.60
297,0.265,1.2,313,0.25,yes,2.43
298,0.154,0.8,316,0.21,yes,1.63
299,0.1,1.2,244,0.16,yes,0.63
300,0.072,0.8,231,0.07,yes,0.46
301,0.071,0.8,219,0.22,yes,0.50
302,0.11,0.4,153,0.14,yes,1.55
303,0.275,0.4,111,0.09,yes,8.99
304,0.076,0.4,67,0.02,yes,1.14
305,0.108,0.4,294,0.18,no,1.33
306,0.208,0.8,221,0.2,no,2.85
307,0.161,0.4,93,0.12,yes,3.42
308,0.145,0.4,124,0.01,no,2.27
309,0.193,1.2,154,0.22,yes,1.54
310,0.216,0.8,224,0.2,no,3.32
311,0.306,0.4,77,0.23,yes,12.58
312,0.065,0.4,293,0.14,yes,0.63
313,0.342,1.2,95,0.06,yes,3.75
314,0.168,0.8,258,0.06,no,1.40
315,0.093,1.2,311,0.05,yes,0.49
316,0.295,1.2,128,0.01,no,2.75
317,0.163,0.8,190,0.04,yes,1.50
318,0.128,0.8,263,0.26,yes,1.08
319,0.215,1.2,283,0.06,yes,1.50
320,0.274,0.8,169,0.19,yes,3.95
321,0.26,1.2,212,0.04,yes,2.34
322,0.196,0.4,167,0.22,yes,4.19
323,0.105,0.4,70,0.15,yes,1.73
324,0.269,0.8,215,0.03,no,3.13
325,0.343,0.4,110,0.29,yes,12.94
326,0.348,0.4,194,0.14,yes,12.67
327,0.286,0.4,214,0.11,yes,8.42
328,0.051,0.8,135,0.07,no,0.36
329,0.271,0.8,75,0.15,yes,5.14
330,0.197,0.8,121,0.13,no,1.99
331,0.234,1.2,257,0.13,no,2.33
332,0.147,0.4,97,0.07,no,2.56
333,0.051,0.8,157,0.05,yes,0.38
334,0.126,0.8,281,0.2,yes,0.84
335,0.118,1.2,115,0.23,yes,0.77
336,0.263,1.2,64,0.21,yes,3.03
337,0.213,0.4,257,0.19,yes,4.76
338,0.141,0.8,92,0.04,yes,1.22
339,0.301,1.2,204,0.1,yes,3.01
340,0.241,1.2,317,0.17,yes,2.03
341,0.335,1.2,288,0.02,yes,2.87
342,0.303,0.8,264,0.13,no,4.24
343,0.086,1.2,125,0.29,yes,0.55
344,0.254,0.8,106,0.03,yes,3.75
345,0.118,0.8,294,0.19,yes,0.80
346,0.193,0.4,70,0.27,no,7.15
347,0.133,0.4,75,0.21,yes,2.55
348,0.154,0.8,311,0.24,no,1.52
349,0.227,0.8,78,0.09,no,3.45
350,0.205,0.8,117,0.02,yes,2.46
351,0.154,0.8,160,0.18,yes,1.28
352,0.325,0.4,90,0.24,no,17.78
353,0.169,1.2,141,0.05,yes,1.17
354,0.163,0.4,247,0.27,yes,2.82
355,0.064,1.2,254,0.02,no,0.40
356,0.136,0.4,257,0.2,yes,1.88
357,0.318,0.8,197,0.17,yes,4.46
358,0.211,0.8,260,0.05,yes,1.99
359,0.304,0.4,316,0.06,yes,7.48
360,0.151,0.4,61,0.1,no,3.68
361,0.082,0.4,274,0.07,yes,0.94
362,0.271,0.4,63,0.04,yes,7.94
363,0.062,1.2,66,0.2,yes,0.42
364,0.34,0.4,188,0.22,yes,10.56
365,0.243,0.8,273,0.14,yes,2.69
366,0.1,0.8,234,0.07,yes,0.65
367,0.087,0.4,271,0.01,no,0.81
368,0.079,0.8,120,0.24,no,0.62
369,0.097,0.8,250,0.25,yes,0.90
370,0.236,0.8,170,0.07,yes,2.83
371,0.256,1.2,223,0.03,yes,2.24
372,0.264,0.8,218,0.19,no,4.20
373,0.28,0.4,304,0.23,no,9.80
374,0.112,0.8,180,0.08,yes,0.85
375,0.139,0.4,284,0.03,yes,1.78
376,0.222,0.8,189,0.16,yes,2.46
377,0.33,1.2,201,0.08,yes,3.35
378,0.125,0.4,165,0.09,no,1.84
379,0.139,0.8,316,0.07,yes,1.13
380,0.182,0.8,79,0.08,yes,2.34
381,0.192,0.8,204,0.06,yes,1.63
382,0.243,0.4,147,0.28,no,7.86
383,0.089,1.2,164,0.27,yes,0.52
384,0.316,0.8,272,0.04,yes,3.91
385,0.073,0.8,230,0.25,yes,0.54
386,0.313,1.2,256,0.27,yes,4.08
387,0.264,0.8,282,0.28,yes,3.59
388,0.158,0.8,183,0.07,no,1.72
389,0.096,0.4,197,0.15,no,1.11
390,0.223,0.8,116,0.19,yes,3.16
391,0.315,1.2,313,0.26,yes,3.70
392,0.154,1.2,207,0.13,no,0.89
393,0.25,0.8,230,0.1,yes,2.73
394,0.229,0.4,305,0.29,no,6.23
395,0.11,0.4,284,0.02,yes,1.17
396,0.215,1.2,251,0.05,yes,1.59
397,0.079,1.2,256,0.2,yes,0.43
398,0.24,0.8,293,0.18,no,3.13
399,0.228,0.8,276,0.13,yes,2.15
400,0.257,0.4,98,0.21,no,8.59
401,0.215,0.8,261,0.24,yes,2.43
402,0.282,0.4,119,0.16,yes,8.29
403,0.084,1.2,181,0.09,yes,0.45
404,0.271,1.2,302,0.23,yes,2.61
405,0.236,0.8,196,0.08,yes,2.63
406,0.051,0.8,158,0.18,no,0.34
407,0.259,0.4,299,0.13,no,6.84
408,0.213,0.4,118,0.15,no,5.73
409,0.077,0.8,304,0.29,yes,0.66
410,0.224,0.4,127,0.25,yes,5.33
411,0.152,0.8,200,0.23,no,1.63
412,0.075,0.8,75,0.02,yes,0.51
413,0.111,0.8,203,0.06,yes,0.84
414,0.113,0.8,193,0.24,yes,0.91
415,0.075,0.4,174,0.14,yes,0.83
416,0.251,0.4,137,0.06,yes,6.66
417,0.34,0.4,210,0.06,yes,9.66
418,0.16,0.8,282,0.13,yes,1.29
419,0.179,0.8,107,0.07,no,1.96
420,0.056,1.2,202,0.11,no,0.35
421,0.215,0.4,102,0.26,yes,6.22
422,0.278,0.4,177,0.01,yes,5.93
423,0.345,0.4,186,0.04,yes,9.96
424,0.1,0.4,203,0.08,yes,1.26
425,0.227,1.2,146,0.09,no,1.71
426,0.145,0.8,121,0.11,yes,1.24
427,0.254,0.8,190,0.29,yes,3.47
428,0.199,0.4,175,0.03,yes,3.05
429,0.299,0.8,75,0.19,yes,6.39
430,0.109,0.4,172,0.23,no,1.72
431,0.264,0.8,277,0.24,yes,3.78
432,0.071,1.2,135,0.05,no,0.39
433,0.26,1.2,285,0.29,yes,2.25
434,0.085,1.2,158,0.13,no,0.45
435,0.118,0.4,285,0.22,yes,1.61
436,0.278,0.8,205,0.2,no,4.58
437,0.18,0.4,303,0.28,yes,3.63
438,0.347,0.4,316,0.28,no,12.58
439,0.177,0.8,125,0.1,no,1.89
440,0.319,0.8,169,0.2,yes,4.72
441,0.173,0.4,180,0.07,yes,3.07
442,0.329,0.4,240,0.18,yes,11.09
443,0.202,0.4,298,0.14,no,4.56
444,0.122,1.2,73,0.24,yes,1.01
445,0.063,1.2,240,0.11,yes,0.37
446,0.267,0.4,265,0.24,yes,6.55
447,0.238,0.8,112,0.14,no,3.43
448,0.089,0.8,110,0.03,no,0.66
449,0.154,1.2,274,0.19,yes,0.93
450,0.284,0.4,104,0.1,yes,8.37
451,0.224,1.2,145,0.16,no,2.10
452,0.101,1.2,134,0.0,yes,0.56
453,0.309,0.4,300,0.06,no,7.49
454,0.199,1.2,123,0.02,no,1.40
455,0.05,1.2,154,0.07,no,0.33
456,0.116,0.4,72,0.12,no,2.09
457,0.315,1.2,67,0.22,no,6.01
458,0.077,1.2,316,0.22,no,0.47
459,0.27,0.4,280,0.26,yes,6.63
460,0.22,1.2,74,0.16,yes,2.43
461,0.288,0.8,231,0.09,yes,3.62
462,0.094,1.2,170,0.1,yes,0.51
463,0.286,1.2,79,0.17,no,3.94
464,0.282,1.2,299,0.26,yes,2.43
465,0.221,0.8,258,0.04,no,2.06
466,0.115,0.4,171,0.18,no,1.70
467,0.242,0.8,257,0.23,yes,3.62
468,0.109,0.4,135,0.13,no,1.45
469,0.256,0.8,270,0.29,no,4.50
470,0.337,0.4,68,0.12,yes,13.96
471,0.095,1.2,101,0.06,yes,0.59
472,0.085,0.8,286,0.07,no,0.50
473,0.236,1.2,252,0.1,yes,1.80
474,0.319,1.2,223,0.16,yes,3.69
475,0.117,0.8,298,0.29,no,1.19
476,0.318,1.2,114,0.07,yes,3.70
477,0.171,1.2,229,0.12,yes,1.02
478,0.134,0.4,268,0.27,yes,2.01
479,0.137,1.2,257,0.17,yes,0.75
480,0.281,1.2,94,0.26,no,4.15
481,0.132,0.8,307,0.01,no,0.83
482,0.3,0.8,267,0.28,yes,5.20
483,0.103,0.4,166,0.18,yes,1.36
484,0.11,1.2,113,0.05,yes,0.61
485,0.174,1.2,107,0.22,no,1.87
486,0.168,0.8,286,0.21,yes,1.39
487,0.078,1.2,238,0.03,yes,0.45
488,0.29,0.4,83,0.22,yes,11.30
489,0.121,1.2,305,0.12,no,0.71
490,0.074,0.4,227,0.13,yes,0.80
491,0.243,0.4,152,0.24,no,7.52
492,0.08,0.8,299,0.07,yes,0.52
493,0.124,0.8,185,0.19,yes,0.91
494,0.219,0.4,79,0.0,yes,6.17
495,0.222,0.8,105,0.21,yes,3.53
496,0.063,1.2,209,0.0,yes,0.35
497,0.347,0.4,63,0.03,no,15.96
498,0.198,0.8,318,0.26,yes,1.83
499,0.296,1.2,112,0.3,yes,4.00
500,0.321,0.4,94,0.17,yes,12.49
501,0.32,0.8,274,0.05,yes,5.18
502,0.124,0.8,285,0.19,yes,0.92
503,0.328,1.2,87,0.01,yes,4.64
504,0.164,1.2,258,0.17,yes,0.88
505,0.298,1.2,167,0.06,yes,2.71
506,0.265,0.4,274,0.28,yes,7.35
507,0.271,0.8,244,0.13,yes,3.26
508,0.223,1.2,249,0.14,yes,1.79
509,0.134,1.2,241,0.05,no,0.84
510,0.131,0.8,295,0.13,yes,1.13
511,0.157,0.8,311,0.29,no,2.01
512,0.219,0.4,104,0.09,yes,4.60
513,0.069,0.4,243,0.04,yes,0.53
514,0.27,0.4,272,0.22,yes,7.38
515,0.256,1.2,226,0.01,yes,1.80
516,0.23,0.4,284,0.09,yes,3.86
517,0.135,0.8,313,0.04,yes,1.03
518,0.282,0.4,281,0.24,no,9.74
519,0.225,0.8,192,0.25,yes,2.81
520,0.101,0.8,172,0.01,yes,0.63
521,0.083,1.2,206,0.18,yes,0.49
522,0.27,0.8,80,0.26,yes,5.15
523,0.102,0.4,156,0.1,no,1.35
524,0.128,0.8,242,0.02,yes,0.87
525,0.12,0.4,95,0.13,yes,1.83
526,0.2,1.2,96,0.22,yes,1.83
527,0.055,1.2,161,0.06,yes,0.40
528,0.067,1.2,99,0.03,no,0.39
529,0.227,1.2,76,0.18,no,2.82
530,0.093,0.4,229,0.25,yes,0.93
531,0.304,0.8,241,0.21,yes,4.91
532,0.133,0.4,272,0.07,yes,1.78
533,0.29,0.8,262,0.15,yes,4.22
534,0.242,1.2,250,0.19,no,2.32
535,0.121,0.4,142,0.23,yes,1.63
536,0.092,0.4,209,0.19,no,1.25
537,0.288,0.4,291,0.03,yes,6.75
538,0.26,0.8,78,0.14,yes,4.05
539,0.299,0.8,173,0.1,yes,3.58
540,0.317,1.2,233,0.1,yes,3.14
541,0.217,0.4,125,0.16,yes,4.89
542,0.306,0.8,112,0.21,no,7.01
543,0.341,0.8,242,0.19,yes,5.23
544,0.301,1.2,240,0.05,yes,3.02
545,0.271,1.2,209,0.3,yes,2.80
546,0.117,0.8,132,0.1,no,0.93
547,0.25,0.8,130,0.2,yes,2.90
548,0.159,0.4,123,0.17,yes,2.86
549,0.078,0.4,193,0.27,yes,0.80
550,0.134,0.4,242,0.15,no,1.79
551,0.321,0.8,286,0.26,yes,5.50
552,0.163,0.4,185,0.16,no,2.58
553,0.324,1.2,122,0.09,no,3.62
554,0.08,1.2,137,0.12,yes,0.37
555,0.283,0.8,268,0.14,yes,3.80
556,0.104,1.2,95,0.14,yes,0.70
557,0.253,1.2,89,0.09,no,2.76
558,0.076,0.4,160,0.15,yes,0.84
559,0.083,0.4,73,0.11,yes,1.04
560,0.284,0.8,244,0.13,yes,3.46
561,0.248,0.4,304,0.1,no,5.79
562,0.266,0.4,192,0.09,no,5.95
563,0.164,0.4,73,0.22,yes,4.20
564,0.261,0.8,282,0.0,yes,2.89
565,0.288,1.2,132,0.11,yes,2.81
566,0.157,0.4,259,0.26,no,3.14
567,0.287,0.4,73,0.17,yes,10.94
568,0.155,1.2,150,0.06,yes,0.88
569,0.304,0.4,91,0.06,yes,8.17
570,0.311,0.8,191,0.24,yes,5.46
571,0.094,1.2,150,0.13,yes,0.53
572,0.304,0.4,108,0.02,yes,8.78
573,0.314,0.8,127,0.28,no,7.15
574,0.224,0.4,232,0.2,no,5.73
575,0.173,0.4,319,0.1,no,2.94
576,0.233,0.8,308,0.13,yes,2.55
577,0.132,0.4,219,0.17,yes,2.01
578,0.308,0.8,147,0.25,yes,5.19
579,0.236,0.4,84,0.25,no,8.95
580,0.107,0.4,78,0.12,yes,1.75
581,0.078,0.8,209,0.26,yes,0.58
582,0.194,0.8,187,0.3,no,2.68
583,0.114,0.8,153,0.27,yes,0.90
584,0.115,0.8,173,0.11,no,0.83
585,0.31,1.2,164,0.27,yes,3.50
586,0.083,0.8,245,0.15,no,0.61
587,0.251,0.4,259,0.03,yes,5.34
588,0.192,0.8,265,0.04,yes,1.68
589,0.146,0.4,64,0.06,yes,2.99
590,0.26,1.2,306,0.19,yes,2.24
591,0.098,0.4,221,0.22,no,1.35
592,0.064,0.8,106,0.24,yes,0.47
593,0.261,1.2,234,0.2,yes,2.41
594,0.136,0.4,171,0.15,no,2.04
595,0.268,0.8,311,0.17,yes,2.96
596,0.256,0.8,196,0.08,no,3.30
597,0.265,0.4,62,0.09,yes,9.93
598,0.145,0.4,228,0.2,yes,2.41
599,0.287,1.2,294,0.15,yes,2.55
600,0.233,0.8,172,0.18,no,2.98
