run,date,test,seconds,result
1,2026-09-01,test_login,1.2,pass
1,2026-09-01,test_signup,2.2,pass
1,2026-09-01,test_search,3.0,pass
1,2026-09-01,test_upload,4.0,pass
1,2026-09-01,test_checkout,7.7,pass
1,2026-09-01,test_export,4.1,pass
2,2026-09-02,test_login,1.3,pass
2,2026-09-02,test_signup,2.1,pass
2,2026-09-02,test_search,3.2,pass
2,2026-09-02,test_upload,4.4,pass
2,2026-09-02,test_checkout,8.1,pass
2,2026-09-02,test_export,4.1,pass
3,2026-09-03,test_login,1.1,pass
3,2026-09-03,test_signup,2.2,pass
3,2026-09-03,test_search,3.1,fail
3,2026-09-03,test_upload,4.7,pass
3,2026-09-03,test_checkout,7.5,pass
3,2026-09-03,test_export,3.8,pass
4,2026-09-04,test_login,1.2,pass
4,2026-09-04,test_signup,2.1,pass
4,2026-09-04,test_search,3.1,pass
4,2026-09-04,test_upload,5.0,pass
4,2026-09-04,test_checkout,8.2,pass
4,2026-09-04,test_export,4.0,pass
5,2026-09-05,test_login,1.2,pass
5,2026-09-05,test_signup,2.1,pass
5,2026-09-05,test_search,2.9,pass
5,2026-09-05,test_upload,5.6,pass
5,2026-09-05,test_checkout,8.2,pass
5,2026-09-05,test_export,4.3,pass
6,2026-09-06,test_login,1.2,pass
6,2026-09-06,test_signup,2.0,pass
6,2026-09-06,test_search,2.9,pass
6,2026-09-06,test_upload,5.7,pass
6,2026-09-06,test_checkout,8.2,pass
6,2026-09-06,test_export,120.0,fail
7,2026-09-07,test_login,1.2,pass
7,2026-09-07,test_signup,2.0,pass
7,2026-09-07,test_search,2.9,fail
7,2026-09-07,test_upload,6.2,pass
7,2026-09-07,test_checkout,7.8,pass
7,2026-09-07,test_export,4.1,pass
8,2026-09-08,test_login,1.2,pass
8,2026-09-08,test_signup,2.0,pass
8,2026-09-08,test_search,3.0,pass
8,2026-09-08,test_upload,6.6,pass
8,2026-09-08,test_checkout,7.4,pass
8,2026-09-08,test_export,4.1,pass
9,2026-09-09,test_login,1.2,pass
9,2026-09-09,test_signup,0.8,fail
9,2026-09-09,test_search,3.0,pass
9,2026-09-09,test_upload,6.7,pass
9,2026-09-09,test_checkout,8.2,pass
9,2026-09-09,test_export,4.2,pass
10,2026-09-10,test_login,1.2,pass
10,2026-09-10,test_signup,0.8,fail
10,2026-09-10,test_search,3.0,pass
10,2026-09-10,test_upload,7.0,pass
10,2026-09-10,test_checkout,8.2,pass
10,2026-09-10,test_export,4.0,pass
11,2026-09-11,test_login,1.2,pass
11,2026-09-11,test_signup,2.0,pass
11,2026-09-11,test_search,2.8,pass
11,2026-09-11,test_upload,7.4,pass
11,2026-09-11,test_checkout,8.4,pass
11,2026-09-11,test_export,3.8,pass
12,2026-09-12,test_login,1.1,pass
12,2026-09-12,test_signup,2.1,pass
12,2026-09-12,test_search,3.3,fail
12,2026-09-12,test_upload,7.9,pass
12,2026-09-12,test_checkout,7.4,pass
12,2026-09-12,test_export,3.7,pass
13,2026-09-13,test_login,1.2,pass
13,2026-09-13,test_signup,2.0,pass
13,2026-09-13,test_search,2.8,pass
13,2026-09-13,test_upload,8.3,pass
13,2026-09-13,test_checkout,8.3,pass
13,2026-09-13,test_export,4.1,pass
14,2026-09-14,test_login,1.2,pass
14,2026-09-14,test_signup,2.1,pass
14,2026-09-14,test_search,3.3,pass
14,2026-09-14,test_upload,8.6,pass
14,2026-09-14,test_checkout,8.2,pass
14,2026-09-14,test_export,4.2,pass
15,2026-09-15,test_login,1.1,pass
15,2026-09-15,test_signup,2.2,pass
15,2026-09-15,test_search,3.2,pass
15,2026-09-15,test_upload,9.0,pass
15,2026-09-15,test_checkout,7.4,pass
15,2026-09-15,test_export,4.0,pass
