customer,orders_per_year,average_order,days_since_last_order
C001,13,559,36
C002,44,174,7
C003,7,229,196
C004,5,1599,39
C005,11,796,41
C006,19,741,10
C007,3,233,221
C008,6,2954,22
C009,5,192,163
C010,28,139,1
C011,6,2266,32
C012,38,73,21
C013,1,181,198
C014,7,2630,71
C015,41,194,17
C016,3,187,34
C017,7,2895,40
C018,8,2896,29
C019,8,303,156
C020,30,173,18
C021,4,258,40
C022,43,155,10
C023,12,624,29
C024,5,3480,70
C025,5,223,260
C026,24,640,33
C027,3,227,135
C028,11,693,4
C029,2,182,221
C030,10,555,22
C031,45,165,16
C032,5,2831,43
C033,38,285,10
C034,6,2648,25
C035,14,688,47
C036,3,297,147
C037,6,258,51
C038,19,630,34
C039,35,181,19
C040,38,88,13
C041,11,840,48
C042,9,2460,37
C043,5,276,215
C044,32,266,21
C045,1,240,229
C046,37,181,1
C047,53,172,15
C048,2,316,169
C049,30,131,8
C050,17,476,28
C051,4,235,318
C052,4,229,290
C053,6,309,213
C054,6,2731,14
C055,39,201,4
C056,39,87,9
C057,1,20,235
C058,31,96,1
C059,48,136,2
C060,6,210,241
C061,3,140,298
C062,5,241,147
C063,26,132,6
C064,9,1833,47
C065,39,199,26
C066,43,194,17
C067,18,679,24
C068,22,641,43
C069,5,228,324
C070,3,211,231
C071,3,140,247
C072,12,506,61
C073,5,80,267
C074,6,190,183
C075,38,161,5
C076,8,2277,67
C077,12,421,55
C078,55,134,13
C079,44,221,2
C080,10,1980,19
C081,5,160,196
C082,10,3269,6
C083,37,177,4
C084,18,508,35
C085,39,200,1
C086,17,155,11
C087,17,577,51
C088,4,72,3
C089,3,262,198
C090,31,144,6
C091,35,150,6
C092,44,163,9
C093,14,496,64
C094,20,777,23
C095,5,2984,31
C096,19,811,46
C097,15,784,45
C098,3,272,194
C099,6,209,302
C100,8,2491,47
C101,43,145,15
C102,38,147,6
C103,42,224,13
C104,4,283,166
C105,42,196,20
C106,8,170,264
C107,41,160,18
C108,36,173,17
C109,48,229,17
C110,33,167,13
C111,20,741,30
C112,11,684,40
C113,41,186,32
C114,6,2751,2
C115,5,208,240
C116,50,153,24
C117,7,262,308
C118,2,256,223
C119,3,3657,39
C120,13,419,40
C121,10,914,48
C122,32,127,11
C123,8,155,291
C124,46,205,8
C125,17,737,39
C126,6,117,152
C127,12,717,30
C128,4,256,244
C129,38,176,1
C130,47,223,16
C131,2,109,254
C132,48,150,19
C133,14,726,20
C134,6,228,180
C135,44,168,8
C136,39,184,24
C137,29,177,5
C138,42,159,8
C139,20,321,43
C140,46,195,22
C141,12,771,39
C142,4,127,142
C143,11,412,35
C144,36,145,10
C145,4,268,221
C146,15,579,1
C147,19,735,34
C148,18,308,18
C149,34,149,15
C150,39,132,19
C151,38,199,4
C152,14,627,32
C153,7,3465,10
C154,3,296,100
C155,6,3171,1
C156,5,287,266
C157,40,118,1
C158,7,2476,3
C159,8,261,252
C160,41,174,8
C161,25,837,9
C162,45,173,1
C163,39,149,18
C164,26,180,1
C165,11,705,53
C166,45,220,7
C167,3,122,253
C168,4,155,290
C169,6,2015,49
C170,6,184,127
C171,3,266,232
C172,4,282,117
C173,40,150,2
C174,27,166,11
C175,31,195,1
C176,42,200,6
C177,36,107,22
C178,28,127,17
C179,15,726,39
C180,6,3491,23
C181,13,585,31
C182,36,142,5
C183,3,339,199
C184,8,318,202
C185,6,2580,8
C186,45,237,1
C187,4,2837,36
C188,37,203,19
C189,6,277,118
C190,2,2355,60
C191,3,135,201
C192,7,830,20
C193,5,289,142
C194,3,283,204
C195,27,178,22
C196,44,157,1
C197,1,197,199
C198,16,689,42
C199,37,209,9
C200,31,134,1
C201,5,293,143
C202,49,170,19
C203,2,242,247
C204,7,139,106
C205,4,408,120
C206,7,1703,18
C207,11,892,23
C208,39,222,6
C209,4,1343,18
C210,55,170,9
C211,45,107,1
C212,13,833,19
C213,6,114,247
C214,34,128,27
C215,8,603,23
C216,11,702,33
C217,57,203,20
C218,8,266,179
C219,5,3277,56
C220,36,149,10
C221,36,138,10
C222,7,205,234
C223,34,263,11
C224,15,581,1
C225,14,671,30
C226,9,612,11
C227,13,568,14
C228,38,181,2
C229,37,86,2
C230,8,198,191
C231,37,192,7
C232,5,2776,71
C233,42,168,13
C234,3,322,221
C235,4,174,240
C236,5,225,275
C237,11,554,13
C238,20,157,7
C239,50,217,23
C240,49,189,1
C241,35,101,13
C242,6,2378,39
C243,31,170,13
C244,7,745,12
C245,8,181,162
C246,52,163,20
C247,18,730,5
C248,16,684,23
C249,14,805,24
C250,4,263,233
C251,31,142,17
C252,53,144,1
C253,44,132,10
C254,41,106,11
C255,2,3006,15
C256,36,176,20
C257,42,305,7
C258,4,191,154
C259,39,207,23
C260,5,226,306
C261,5,208,314
C262,13,446,21
C263,45,203,1
C264,3,225,152
C265,9,241,13
C266,45,70,2
C267,3,76,234
C268,5,186,256
C269,6,2465,19
C270,6,171,228
C271,52,150,1
C272,4,2890,51
C273,7,209,137
C274,7,302,54
C275,9,542,9
C276,8,234,193
C277,3,103,186
C278,4,166,136
C279,6,252,199
C280,5,189,227
C281,46,177,12
C282,7,233,208
C283,3,3294,40
C284,41,184,1
C285,7,239,249
C286,9,512,58
C287,4,281,180
C288,7,2601,63
C289,37,235,4
C290,10,321,46
C291,2,278,134
C292,60,142,14
C293,48,167,14
C294,4,184,185
C295,22,197,17
C296,10,1876,65
C297,6,1508,67
C298,40,187,5
C299,35,180,18
C300,6,2495,54
