run,temperature,pressure,cooling,humidity,material,defect
1,215.4,777,11.9,44,B,1
2,227.9,996,14.4,35,B,1
3,205.1,783,21.1,50,A,0
4,232.9,643,16.3,24,A,1
5,238.7,719,12.1,69,B,1
6,219.6,676,24.4,41,B,0
7,230.2,764,12.0,47,B,0
8,228.0,654,12.7,57,B,1
9,220.3,709,18.6,20,B,0
10,214.7,993,12.1,45,B,0
11,200.6,825,23.9,34,B,0
12,241.9,834,20.3,38,A,0
13,224.4,983,11.3,35,A,0
14,255.3,635,15.0,49,A,1
15,234.9,858,21.8,55,B,0
16,228.3,753,24.9,50,A,0
17,217.1,798,9.7,33,B,1
18,241.7,732,22.2,50,A,0
19,218.9,813,14.8,23,A,0
20,243.8,925,9.8,69,A,1
21,220.2,922,22.5,68,A,0
22,227.2,826,14.1,34,B,0
23,206.7,883,18.5,59,B,0
24,253.1,681,20.6,25,A,1
25,223.9,507,12.6,51,A,1
26,220.4,905,12.9,43,B,0
27,234.7,1005,24.5,51,B,0
28,214.3,848,20.7,34,A,0
29,234.2,739,8.6,53,B,0
30,210.9,806,21.7,61,A,0
31,231.5,923,23.1,46,B,0
32,212.5,684,24.1,49,A,0
33,203.0,808,16.8,29,B,0
34,217.9,862,14.6,69,B,1
35,207.4,698,12.9,32,A,0
36,231.6,1011,22.2,53,A,0
37,225.3,882,13.0,52,B,0
38,231.1,967,13.6,29,A,0
39,226.1,693,20.1,35,A,0
40,220.8,822,22.5,55,A,0
41,225.3,954,17.9,30,B,0
42,237.6,846,12.0,57,B,1
43,222.8,927,11.4,25,A,1
44,215.9,615,13.3,22,A,0
45,213.4,792,8.3,29,A,1
46,222.3,600,12.2,23,B,0
47,216.0,750,21.0,53,A,0
48,247.6,830,14.7,29,B,0
49,210.9,789,9.2,56,B,1
50,212.0,674,13.4,56,B,1
51,221.3,830,18.2,64,A,0
52,232.8,866,21.9,68,B,0
53,221.8,791,16.3,46,A,1
54,213.5,882,14.4,57,A,0
55,215.3,915,19.9,64,A,0
56,220.8,925,20.7,30,B,0
57,236.7,766,9.4,38,A,1
58,213.3,852,9.6,67,A,1
59,223.9,736,21.5,42,B,0
60,217.6,792,23.9,29,B,0
61,228.9,908,24.9,29,A,0
62,229.8,789,11.4,63,A,1
63,207.4,755,11.9,54,B,1
64,253.6,741,13.2,23,A,1
65,227.3,852,9.3,58,A,0
66,218.9,962,9.9,53,A,0
67,214.3,893,22.0,22,A,0
68,221.9,778,14.9,38,A,0
69,225.4,880,15.6,47,A,0
70,232.1,895,22.9,37,A,0
71,225.1,947,17.9,67,A,0
72,230.8,732,12.8,42,A,0
73,205.7,864,14.4,57,A,0
74,216.0,760,22.5,28,A,1
75,212.9,746,19.9,56,B,0
76,227.0,926,10.4,42,A,0
77,230.5,855,20.0,52,A,0
78,207.4,808,12.7,34,B,0
79,223.0,936,9.0,61,B,1
80,233.7,817,20.7,33,B,0
81,236.0,712,13.0,31,A,1
82,211.6,891,12.3,60,A,0
83,231.8,707,14.4,32,A,0
84,229.1,713,9.4,54,B,0
85,219.8,758,14.3,67,B,1
86,248.6,784,12.7,61,B,1
87,211.6,890,17.0,40,A,0
88,221.7,765,14.6,42,A,0
89,230.5,618,10.8,59,A,1
90,227.9,743,21.3,52,A,0
91,222.9,831,19.6,45,A,0
92,241.5,788,21.9,39,B,1
93,242.3,788,11.8,40,B,1
94,236.0,678,23.7,48,A,1
95,237.0,761,22.1,52,A,1
96,224.3,858,16.6,53,B,0
97,211.0,860,16.1,20,A,0
98,251.3,717,10.8,42,A,1
99,213.5,728,8.3,57,A,1
100,251.8,703,18.9,38,A,1
101,223.5,893,18.8,50,A,1
102,227.8,725,21.2,28,B,0
103,223.0,773,9.8,33,B,0
104,236.5,718,11.4,41,B,1
105,218.9,709,22.1,64,A,0
106,247.1,787,21.4,41,A,1
107,231.4,890,14.7,62,B,1
108,227.1,743,15.5,26,B,0
109,218.2,917,20.2,29,B,0
110,228.4,794,11.8,20,A,0
111,225.0,872,19.5,37,A,0
112,247.8,1048,21.9,36,A,1
113,236.2,1027,17.5,62,A,1
114,206.3,829,19.3,51,A,0
115,243.3,808,10.4,65,A,1
116,196.5,785,13.6,56,B,1
117,243.5,871,9.6,43,B,1
118,202.4,613,8.8,69,A,0
119,225.0,730,24.4,23,B,0
120,234.7,787,8.5,50,A,1
121,224.9,724,8.8,66,A,1
122,211.8,701,23.9,27,B,1
123,239.8,930,15.6,61,A,1
124,203.6,654,17.0,54,A,1
125,207.5,757,19.9,51,A,0
126,241.6,742,24.0,68,A,1
127,214.6,753,16.5,54,A,0
128,228.0,695,24.9,27,B,0
129,234.7,876,22.8,57,A,0
130,223.7,788,8.2,33,A,1
131,228.3,974,18.0,63,A,0
132,226.4,664,18.4,26,A,0
133,227.6,812,18.6,46,B,0
134,239.2,672,17.7,29,A,1
135,236.2,823,23.8,23,A,1
136,228.9,917,21.4,53,B,1
137,236.0,686,20.3,57,A,1
138,218.5,899,22.6,30,A,0
139,215.8,718,10.3,45,B,0
140,213.0,685,12.9,60,A,0
141,234.4,833,12.1,62,B,1
142,244.5,875,11.2,48,A,1
143,226.0,813,13.5,42,A,0
144,201.3,831,23.0,48,A,0
145,218.9,797,17.8,24,B,0
146,230.6,749,20.1,33,A,0
147,228.6,585,8.2,27,B,1
148,226.1,763,24.6,51,A,0
149,236.9,730,8.7,52,A,1
150,236.1,855,21.8,57,B,1
151,208.9,717,9.0,52,B,0
152,230.2,1001,15.9,59,B,1
153,216.1,862,15.9,55,A,0
154,227.8,758,9.8,47,A,0
155,239.9,866,14.2,34,A,1
156,247.0,775,17.9,32,A,0
157,233.4,929,24.9,26,B,0
158,218.9,758,16.9,42,A,0
159,220.8,944,18.1,41,B,0
160,231.4,694,19.2,42,A,0
161,213.1,811,10.3,41,A,0
162,224.2,794,19.4,45,B,0
163,232.3,711,15.2,51,A,0
164,236.0,768,9.8,68,B,1
165,221.4,802,15.0,34,A,0
166,229.4,682,20.1,68,A,0
167,241.4,715,11.1,32,B,1
168,228.7,849,17.5,30,A,0
169,204.4,724,12.8,58,B,1
170,227.6,959,23.4,52,B,0
171,228.0,959,11.9,60,B,1
172,219.9,753,20.5,30,B,0
173,225.5,836,23.3,34,A,0
174,207.3,854,12.9,25,A,0
175,240.0,873,21.4,30,B,1
176,230.1,747,11.2,43,A,1
177,218.5,875,16.8,41,B,0
178,227.8,747,12.5,23,A,0
179,226.6,791,10.3,40,A,1
180,214.6,925,24.1,67,A,0
181,193.0,792,14.2,65,A,0
182,190.8,704,19.6,51,B,0
183,249.3,743,22.6,38,B,1
184,211.6,832,17.5,39,A,0
185,221.5,724,23.0,53,A,0
186,231.9,703,22.7,44,B,0
187,220.7,815,19.9,44,B,0
188,239.3,706,22.2,54,A,1
189,213.6,1010,14.3,28,A,0
190,231.8,733,18.2,25,A,0
191,200.0,869,24.2,46,A,1
192,233.6,654,14.6,66,B,1
193,233.3,767,11.8,28,A,1
194,229.4,882,19.8,42,B,0
195,228.6,854,8.3,21,A,0
196,228.2,865,21.3,70,A,0
197,235.4,743,8.7,59,A,1
198,236.5,820,17.3,57,A,1
199,213.7,780,9.1,44,A,0
200,237.7,659,19.1,56,A,1
201,213.6,915,12.0,47,A,0
202,227.0,732,18.7,47,B,0
203,222.0,777,23.0,62,A,0
204,230.8,886,18.7,66,B,1
205,221.0,866,9.9,26,B,1
206,229.9,1060,20.9,31,A,0
207,219.3,793,20.9,55,B,0
208,213.5,945,14.7,47,A,0
209,237.8,790,10.1,65,B,1
210,231.9,804,20.6,39,A,0
211,231.2,908,15.6,44,B,0
212,236.5,867,16.6,43,A,1
213,212.3,751,22.4,36,A,0
214,236.0,792,15.1,27,A,0
215,212.3,819,13.2,35,B,0
216,229.6,970,23.5,57,B,1
217,222.9,725,17.9,28,B,0
218,228.3,824,23.2,29,A,0
219,233.4,862,18.8,22,B,0
220,225.3,815,23.3,38,B,0
221,214.0,750,14.9,23,B,0
222,236.2,885,16.0,44,B,0
223,239.1,708,11.9,49,B,1
224,233.2,995,15.1,52,A,0
225,237.4,539,8.2,53,B,1
226,203.8,607,18.3,69,A,0
227,225.9,817,12.5,39,A,1
228,223.6,865,23.0,69,A,0
229,201.5,848,15.3,55,A,0
230,226.3,742,17.2,34,B,0
231,225.0,786,9.6,26,A,1
232,206.9,803,24.3,53,A,0
233,214.9,713,15.4,54,A,0
234,226.0,764,22.3,40,A,0
235,232.2,706,16.6,54,B,0
236,233.5,918,11.4,63,A,1
237,211.7,843,13.0,49,B,0
238,212.1,758,15.5,25,A,0
239,218.9,764,17.8,63,A,0
240,224.4,756,10.4,42,A,0
241,218.1,770,13.5,48,A,0
242,222.7,828,18.4,32,B,0
243,233.5,766,9.8,47,A,0
244,233.2,751,11.8,37,A,1
245,226.7,840,11.0,31,A,1
246,211.3,785,23.2,23,A,0
247,219.1,802,22.1,65,A,0
248,231.8,809,17.7,67,A,0
249,235.4,783,19.0,22,B,1
250,237.7,689,21.2,45,A,1
251,212.3,777,20.9,23,B,0
252,219.4,922,17.6,61,A,0
253,210.5,716,19.7,48,B,0
254,189.7,719,22.8,41,A,0
255,211.9,759,8.9,59,A,0
256,203.7,763,9.8,28,A,1
257,241.7,940,8.9,57,A,1
258,230.7,771,13.3,42,A,0
259,217.3,917,13.6,60,A,0
260,225.8,881,9.2,69,A,0
261,230.0,874,14.9,49,A,0
262,246.0,865,9.6,66,B,1
263,234.3,837,15.4,49,A,0
264,243.3,854,13.5,69,A,1
265,230.9,923,18.6,29,A,1
266,240.7,598,16.6,33,B,1
267,242.4,837,17.7,49,A,1
268,236.2,918,11.6,43,A,1
269,225.5,736,19.8,46,A,0
270,238.2,797,9.0,56,B,1
271,220.4,887,14.2,26,A,0
272,242.2,625,11.6,53,A,1
273,221.8,830,19.8,31,A,0
274,216.9,691,25.0,25,A,0
275,247.7,824,23.5,51,A,1
276,220.2,838,19.6,24,A,0
277,227.0,825,21.8,53,B,0
278,212.3,699,22.1,41,A,0
279,216.7,801,22.6,69,A,0
280,221.0,737,11.1,36,A,0
281,213.2,831,22.4,34,A,0
282,239.7,763,15.8,59,A,1
283,216.4,716,18.4,22,B,0
284,210.0,894,17.0,52,A,0
285,238.5,678,21.4,37,B,1
286,233.6,750,12.8,50,A,0
287,197.2,909,15.6,61,B,1
288,218.3,837,12.4,38,A,1
289,237.0,887,9.1,49,B,1
290,215.9,700,18.9,25,B,0
291,221.8,817,14.8,70,A,0
292,222.2,712,23.2,42,B,0
293,198.0,623,24.9,32,B,1
294,214.5,858,21.8,23,A,0
295,234.3,697,16.8,65,A,0
296,242.5,811,9.1,66,A,1
297,224.2,704,23.2,53,A,0
298,223.9,855,13.0,58,B,0
299,231.8,857,14.5,61,A,0
300,227.2,698,14.6,57,A,0
301,231.3,698,24.7,23,B,0
302,214.7,533,22.3,53,B,0
303,225.5,752,14.1,41,B,0
304,231.3,775,16.6,68,A,0
305,232.4,725,16.1,55,A,1
306,206.6,869,9.2,30,B,1
307,235.1,791,8.2,32,B,1
308,226.6,799,18.9,27,A,0
309,227.1,736,14.5,39,A,0
310,204.0,648,16.6,52,A,1
311,225.7,805,23.0,56,A,0
312,206.3,883,8.6,41,B,1
313,195.0,920,8.6,64,A,1
314,226.4,817,18.9,69,B,0
315,225.2,673,20.7,59,A,1
316,226.0,765,22.4,49,A,0
317,227.4,814,18.1,67,B,0
318,225.3,688,15.7,33,B,0
319,238.5,761,15.2,59,A,1
320,235.1,734,19.5,43,A,0
321,244.9,718,14.6,43,A,0
322,255.7,696,20.8,63,B,1
323,234.7,830,13.4,42,A,0
324,235.1,853,14.8,62,A,0
325,248.3,922,10.7,34,A,1
326,215.0,772,13.7,61,A,0
327,221.6,805,13.9,45,A,0
328,228.6,626,17.1,32,B,1
329,206.9,827,11.5,24,B,0
330,237.1,936,21.6,23,B,1
331,244.5,721,17.4,68,A,0
332,210.4,849,22.6,39,B,0
333,215.8,747,12.6,47,A,0
334,236.3,851,12.6,59,A,1
335,241.7,872,24.0,64,B,1
336,205.6,654,14.0,55,B,1
337,231.9,709,20.7,37,B,1
338,222.9,724,13.7,38,B,0
339,203.1,778,10.5,26,B,1
340,220.2,930,14.6,25,A,0
341,218.4,803,19.1,45,A,0
342,226.4,812,17.7,32,A,0
343,225.6,818,23.4,29,A,0
344,221.8,734,14.7,59,B,1
345,223.5,907,19.5,23,B,0
346,223.2,851,22.9,51,B,0
347,231.2,878,15.6,39,A,0
348,236.7,825,21.2,50,B,0
349,236.6,662,16.2,53,B,1
350,214.3,853,15.3,34,B,0
351,215.5,736,11.7,67,A,1
352,217.0,708,20.7,32,A,0
353,242.1,1069,20.1,32,A,1
354,230.7,892,9.1,49,B,1
355,215.8,758,23.2,22,A,0
356,211.1,883,22.1,32,B,0
357,212.9,910,21.7,63,B,1
358,225.3,822,8.8,30,A,0
359,211.7,760,16.6,43,A,0
360,224.9,898,24.1,58,B,1
361,241.2,876,14.5,45,A,0
362,221.9,869,15.1,44,B,0
363,235.3,632,10.6,27,B,1
364,206.7,844,9.9,52,B,0
365,229.3,1006,20.7,41,B,0
366,228.5,690,12.0,53,B,0
367,213.9,759,15.3,40,A,0
368,241.5,720,17.1,21,A,1
369,224.9,749,14.7,26,A,0
370,216.7,784,13.1,42,A,0
371,221.5,1003,8.3,32,B,1
372,236.4,769,10.0,35,A,1
373,208.5,961,15.8,36,A,0
374,226.8,704,15.8,37,A,0
375,213.5,863,13.4,30,B,0
376,227.7,794,8.6,54,B,0
377,218.6,757,24.6,23,A,0
378,224.1,828,19.1,36,A,0
379,234.1,935,13.5,63,A,0
380,225.5,840,19.8,39,A,0
381,231.6,867,21.3,29,B,0
382,233.4,809,20.1,33,A,0
383,229.9,849,16.0,27,B,0
384,227.7,842,17.7,51,B,0
385,225.5,884,14.4,43,A,0
386,232.6,789,15.7,53,A,0
387,239.5,742,11.2,22,A,1
388,247.1,755,21.7,40,B,1
389,246.1,753,9.8,58,A,1
390,213.1,856,19.0,34,B,0
391,228.5,721,19.0,67,B,1
392,230.9,875,13.3,40,B,0
393,239.6,827,15.9,59,A,1
394,237.8,930,17.1,50,B,0
395,207.8,824,11.2,22,B,0
396,228.3,911,9.6,38,A,1
397,204.5,847,23.9,43,A,0
398,219.3,821,23.5,68,B,1
399,213.9,772,11.3,46,B,1
400,217.7,850,9.2,52,A,1
401,244.0,812,9.5,25,B,1
402,218.5,740,10.4,63,A,1
403,219.0,753,12.9,60,B,1
404,226.5,607,8.2,57,B,1
405,237.8,919,15.2,29,B,1
406,204.6,917,10.7,65,B,1
407,244.5,754,24.4,38,A,1
408,215.8,674,14.7,36,A,0
409,213.1,870,19.0,64,A,0
410,226.5,914,18.0,48,B,0
411,233.1,799,16.5,44,B,0
412,257.5,735,20.4,51,A,1
413,235.7,930,24.5,53,A,0
414,217.8,891,18.2,68,A,0
415,222.5,905,11.5,27,A,1
416,213.5,992,17.0,49,B,0
417,232.8,798,13.6,45,A,0
418,234.9,819,16.4,35,A,0
419,220.9,1004,14.7,59,A,0
420,238.5,887,17.1,22,B,0
421,204.6,1051,8.7,54,A,1
422,219.2,540,14.9,62,B,1
423,213.8,647,12.1,47,A,0
424,217.8,860,17.8,36,A,0
425,205.2,847,8.9,24,A,0
426,236.3,684,10.0,55,A,0
427,213.4,705,12.9,56,B,1
428,223.3,710,21.1,60,B,1
429,239.1,861,23.5,25,A,1
430,244.2,653,14.5,69,A,1
431,239.0,780,18.8,52,A,1
432,198.1,717,11.7,21,A,0
433,221.2,492,21.2,29,A,1
434,220.6,821,12.2,50,B,1
435,216.6,979,20.2,20,A,0
436,215.4,773,21.8,22,A,0
437,218.2,869,15.1,22,B,0
438,231.9,797,20.2,42,B,0
439,219.3,773,12.8,64,B,0
440,208.7,625,23.4,39,B,0
441,205.9,774,12.6,61,A,0
442,226.6,589,10.8,67,B,1
443,204.1,729,11.8,43,B,0
444,233.3,805,15.0,46,B,0
445,218.9,808,15.8,32,B,0
446,218.8,710,13.6,28,A,0
447,227.6,775,24.6,70,A,1
448,220.6,687,11.5,23,A,1
449,233.4,868,20.3,42,A,0
450,209.4,676,24.9,33,B,0
451,203.1,1070,19.8,43,A,0
452,248.5,878,24.8,63,B,1
453,227.0,787,21.8,50,A,0
454,193.9,977,22.5,40,A,0
455,245.4,704,22.9,39,A,0
456,207.9,922,16.4,70,A,0
457,249.7,734,11.6,52,A,1
458,246.8,803,22.2,52,A,0
459,235.6,743,22.4,55,A,0
460,225.0,721,18.5,42,A,0
461,214.5,740,20.7,68,B,1
462,236.5,817,24.6,33,B,1
463,220.2,767,21.1,28,A,0
464,238.1,983,20.8,51,A,1
465,221.6,806,13.5,33,A,0
466,206.0,529,12.3,53,B,0
467,216.6,721,14.0,69,B,1
468,225.8,766,21.2,24,B,0
469,219.1,825,16.4,36,A,0
470,226.7,854,20.9,26,A,0
471,213.9,662,21.0,42,A,1
472,244.5,812,8.7,43,B,1
473,218.7,705,10.6,31,A,1
474,231.3,799,17.7,51,A,0
475,204.9,762,24.0,55,B,0
476,235.1,915,16.4,44,A,0
477,243.8,891,18.2,26,A,1
478,232.4,943,17.3,59,A,0
479,222.2,711,18.8,45,A,0
480,214.0,737,20.9,49,A,0
481,232.5,792,11.5,31,A,1
482,232.2,732,20.3,24,A,0
483,209.5,725,10.5,38,A,1
484,225.4,839,16.4,62,A,0
485,231.7,1009,14.0,34,A,0
486,215.8,821,9.3,34,A,0
487,232.5,946,15.0,35,B,0
488,221.9,645,17.7,52,B,0
489,242.7,991,15.5,69,A,1
490,209.9,1009,15.1,69,A,0
491,231.5,807,19.7,41,A,0
492,226.6,739,16.9,39,A,0
493,202.6,851,17.1,34,B,0
494,214.0,622,13.4,33,B,1
495,214.9,819,16.3,48,A,0
496,236.4,613,20.9,41,B,1
497,220.9,949,15.2,51,B,0
498,225.1,786,16.4,58,A,0
499,227.0,714,22.9,67,A,0
500,256.3,579,23.2,35,A,1
