id,neighbourhood,bedrooms,sqft,age,garage,price
1,Oldtown,3,1540,54,no,199000
2,Hillcrest,2,1350,28,yes,285500
3,Hillcrest,2,1370,31,no,266000
4,Riverside,3,1660,47,yes,259000
5,Riverside,3,1780,32,yes,282500
6,Hillcrest,2,940,,no,168000
7,Riverside,4,2130,48,no,324000
8,Hillcrest,2,1190,72,no,214500
9,Hillcrest,4,1990,46,yes,354500
10,Oldtown,2,1360,45,no,208000
11,Riverside,3,1810,35,yes,275500
12,Riverside,1,610,60,,84000
13,Riverside,3,1670,34,yes,269000
14,Oldtown,3,1720,69,yes,244000
15,Oldtown,4,2100,33,yes,332500
16,Oldtown,4,2060,74,yes,315000
17,Hillcrest,1,890,38,yes,160000
18,Hillcrest,2,1320,,yes,260000
19,Oldtown,2,1380,69,yes,196500
20,Hillcrest,5,2600,45,no,441500
21,Riverside,3,1610,61,no,231000
22,Riverside,4,1890,59,no,264500
23,Oldtown,3,1620,43,yes,239000
24,Riverside,3,1550,76,no,248000
25,Riverside,2,1210,58,yes,222500
26,Oldtown,4,1850,16,yes,295000
27,Oldtown,3,1410,36,yes,195500
28,Hillcrest,3,1640,52,no,277500
29,Oldtown,1,790,0,no,119500
30,Oldtown,2,1180,61,no,159000
31,Oldtown,3,1560,,yes,254500
32,Riverside,2,1450,3,yes,272000
33,Riverside,1,660,8,no,130500
34,Riverside,2,1390,13,yes,266000
35,Oldtown,3,1880,18,no,302500
36,Riverside,4,2320,15,no,357500
37,Riverside,2,1390,12,no,253500
38,Riverside,2,920,9,no,175500
39,Hillcrest,4,2030,39,,358000
40,Riverside,3,1380,15,no,239500
41,Riverside,4,1860,28,no,289000
42,Hillcrest,4,1890,26,yes,368500
43,Oldtown,2,1040,50,yes,159500
44,Hillcrest,3,1570,75,yes,276000
45,Oldtown,2,1210,54,yes,141000
46,Oldtown,3,1320,66,yes,181500
47,Riverside,3,1850,27,no,281000
48,Oldtown,1,910,60,yes,127500
