temperature,pressure,cooling,humidity,material
208.8,706,17.7,59,B
235.7,655,24.6,78,B
234.7,746,8.3,81,A
242.7,853,24.1,64,B
207.7,643,21.0,78,A
218.6,807,19.4,57,A
234.9,727,12.4,61,A
210.2,951,15.1,81,A
206.7,636,8.4,78,A
248.0,830,22.8,71,A
237.9,845,22.8,82,A
237.7,905,25.0,68,A
226.7,810,9.2,75,A
236.8,962,14.9,61,A
223.8,637,12.4,64,A
234.2,792,22.6,55,A
217.7,911,19.2,61,B
247.3,960,17.9,79,B
252.1,1009,12.8,71,A
213.7,856,20.4,62,A
227.7,897,20.6,55,A
244.2,756,21.4,77,A
238.9,846,18.6,73,B
225.9,714,8.3,74,B
222.7,764,13.8,84,A
227.2,872,17.6,55,B
212.3,919,24.3,82,B
212.8,920,14.4,60,B
208.0,725,10.8,72,A
225.4,742,15.3,79,A
240.5,863,14.4,71,A
209.2,635,20.4,66,A
228.6,636,13.7,83,A
223.1,798,17.5,80,A
223.6,767,17.0,71,A
211.1,694,13.4,68,B
213.9,831,16.1,70,B
230.8,802,14.3,75,B
204.7,802,15.3,84,A
238.1,891,22.2,82,A
201.3,796,17.1,80,A
250.5,873,19.5,60,A
215.8,834,22.9,55,B
207.6,916,16.8,81,A
229.6,758,14.2,73,A
213.7,737,22.0,58,A
224.9,938,18.1,67,B
230.5,943,19.6,77,B
240.2,885,11.2,66,B
238.1,892,15.4,68,B
238.0,722,20.7,55,A
237.5,881,18.6,73,B
217.1,1063,12.3,67,A
234.2,916,8.4,73,A
213.6,780,13.0,66,B
203.3,832,13.0,76,B
209.1,604,9.9,55,B
206.7,740,24.0,62,B
221.3,639,18.1,82,A
239.5,781,18.5,63,A
